{
    "testproblem": "quadratic_deep",
    "batch_size": 128,
    "num_epochs": 100,
    "random_seed": 49,
    "l2_reg": null,
    "optimizer_name": "LookaheadOptimizerMBGDMomentum",
    "optimizer_hyperparams": {
        "learning_rate": 0.002023778954048507,
        "momentum": 0.9808673160454735,
        "use_nesterov": false,
        "k": 8,
        "alpha": 0.2388555817868857,
        "use_locking": false
    },
    "training_params": {
        "lr_sched_epochs": null,
        "lr_sched_factors": null
    },
    "train_losses": [
        353.03431919642856,
        142.03278459821428,
        252.74029541015625,
        106.66256604875836,
        101.43746621268136,
        100.09492492675781,
        99.17646898542132,
        98.42521667480469,
        92.17814527239118,
        91.5899429321289,
        91.02881186349052,
        90.58702632359096,
        90.21935272216797,
        89.83528137207031,
        89.47591400146484,
        89.16702052525112,
        88.48254939488002,
        86.80364772251674,
        86.81979261125836,
        86.68029349190849,
        86.60252707345145,
        86.55657958984375,
        86.46425301688058,
        86.37646048409599,
        86.32485852922711,
        86.07704271589007,
        86.03602491106305,
        85.91802978515625,
        85.8732659476144,
        85.8584965297154,
        85.79774802071708,
        85.73972538539341,
        85.71614183698382,
        85.61572374616351,
        85.60044642857143,
        85.50487954275948,
        85.47996629987445,
        85.48276737758091,
        85.43770599365234,
        85.39397212437221,
        85.38364846365792,
        85.39993068150112,
        85.40043095179966,
        85.31822749546596,
        85.30501447405133,
        85.31826564243862,
        85.28265271868024,
        85.247800554548,
        85.24595860072544,
        85.32966068812779,
        85.33352443150112,
        85.25441305977958,
        85.24416242327008,
        85.26023319789341,
        85.22728184291294,
        85.19500841413226,
        85.19565691266742,
        85.296628679548,
        85.30123683384487,
        85.22290366036552,
        85.21344430106026,
        85.23028782435826,
        85.19808959960938,
        85.16653987339565,
        85.16788591657367,
        85.27442496163505,
        85.27960968017578,
        85.20181383405414,
        85.19286019461495,
        85.21016584123883,
        85.17842429024833,
        85.14730943952289,
        85.14907400948661,
        85.25941358293805,
        85.26493617466518,
        85.1874498639788,
        85.1787828717913,
        85.1963620867048,
        85.16488974434989,
        85.13403756277901,
        85.1360604422433,
        85.1329323904855,
        85.1438238961356,
        85.23989977155414,
        85.1741943359375,
        85.1656744820731,
        85.18465205601284,
        85.15351104736328,
        85.12314932686942,
        85.12533896309989,
        85.23970903669085,
        85.2455073765346,
        85.1683818272182,
        85.1600112915039,
        85.17786843436105,
        85.14667401994977,
        85.11609758649554,
        85.11839839390346,
        85.23373086111886,
        85.23963819231305,
        85.1625257219587
    ],
    "valid_losses": [
        353.8127659388951,
        142.61800493512834,
        252.9533473423549,
        107.10901750837054,
        102.01186697823661,
        100.55499485560826,
        99.71697998046875,
        98.96646663120815,
        92.69516972133091,
        92.12304142543248,
        91.59522465297154,
        91.21559797014508,
        90.79107775006976,
        90.35701097760882,
        90.0569839477539,
        89.75033351353237,
        89.06150926862445,
        87.39569200788226,
        87.40830775669643,
        87.27857317243304,
        87.26904732840401,
        87.16271100725446,
        87.02002825055804,
        86.99000658307757,
        86.9393550327846,
        86.6596200125558,
        86.62015097481864,
        86.53603254045758,
        86.54881940569196,
        86.4755140032087,
        86.36224692208427,
        86.36138262067523,
        86.33779798235211,
        86.19623783656529,
        86.18241119384766,
        86.12042018345424,
        86.1528069632394,
        86.09675598144531,
        85.99884687151227,
        86.01189858572823,
        86.00118691580636,
        85.97255161830357,
        85.97463553292411,
        85.92611040387835,
        85.97026606968471,
        85.92469133649554,
        85.83623504638672,
        85.85814666748047,
        85.8558840070452,
        85.89439174107143,
        85.9000712803432,
        85.85484095982143,
        85.90211922781808,
        85.85951014927456,
        85.77383749825614,
        85.79845101492745,
        85.79878779820034,
        85.8557379586356,
        85.86234174455915,
        85.81804438999721,
        85.86626652308873,
        85.82456752232143,
        85.73977770124164,
        85.76524353027344,
        85.76640864780971,
        85.8302470615932,
        85.83753095354352,
        85.79386792864118,
        85.84267861502511,
        85.80154309953961,
        85.71730041503906,
        85.74329158238002,
        85.7449700491769,
        85.81356702532086,
        85.82122911725726,
        85.77792031424386,
        85.82706778390067,
        85.78624616350446,
        85.70232718331474,
        85.72863006591797,
        85.73062460763114,
        85.71765572684151,
        85.72035326276507,
        85.8122318812779,
        85.75565011160714,
        85.81468200683594,
        85.77255249023438,
        85.69026947021484,
        85.71683938162667,
        85.71907588413784,
        85.79278782435826,
        85.80057198660714,
        85.75765882219586,
        85.80708748953683,
        85.76657976422992,
        85.68296377999442,
        85.70957946777344,
        85.71187482561383,
        85.78634316580636,
        85.79439980643136,
        85.75147356305804
    ],