{
    "testproblem": "quadratic_deep",
    "batch_size": 128,
    "num_epochs": 100,
    "random_seed": 51,
    "l2_reg": null,
    "optimizer_name": "LookaheadOptimizerMBGDMomentum",
    "optimizer_hyperparams": {
        "learning_rate": 0.002023778954048507,
        "momentum": 0.9808673160454735,
        "use_nesterov": false,
        "k": 8,
        "alpha": 0.2388555817868857,
        "use_locking": false
    },
    "training_params": {
        "lr_sched_epochs": null,
        "lr_sched_factors": null
    },
    "train_losses": [
        354.7630615234375,
        142.82519749232702,
        259.4430825369699,
        105.26320975167411,
        101.04460688999721,
        99.59003557477679,
        98.72185734340123,
        97.96846989222935,
        91.7033190046038,
        91.05621446881976,
        90.48321533203125,
        90.07616533551898,
        89.68448747907367,
        89.29913439069476,
        88.95590645926339,
        88.63595363071987,
        86.59630911690849,
        86.41886792864118,
        86.31042916434151,
        86.25817217145648,
        86.17646898542132,
        86.0722885131836,
        85.99036952427456,
        85.91812133789062,
        85.60328892299107,
        85.47212873186383,
        85.40943036760602,
        85.40129743303571,
        85.36302730015346,
        85.30112566266742,
        85.25971003941127,
        85.2254159109933,
        85.10583387102399,
        84.99966321672711,
        84.95921979631696,
        84.97132546561105,
        84.9510269165039,
        84.90514373779297,
        84.87833186558315,
        84.85753413609096,
        84.85481807163784,
        84.76722063337054,
        84.7421875,
        84.7679933820452,
        84.75965663364956,
        84.72448621477399,
        84.70767102922711,
        84.69642748151507,
        84.77162388392857,
        84.6886716570173,
        84.66762433733258,
        84.69727325439453,
        84.69246128627232,
        84.66057695661273,
        84.64690181187221,
        84.6387198311942,
        84.73555537632534,
        84.6535164969308,
        84.63335418701172,
        84.66390664236886,
        84.65997423444476,
        84.62895747593471,
        84.61610303606305,
        84.60871233258929,
        84.7117451259068,
        84.63031441824776,
        84.61073085239956,
        84.64179229736328,
        84.63836451939174,
        84.60784694126674,
        84.59546770368304,
        84.58853040422711,
        84.69565691266742,
        84.61457170758929,
        84.59533255440849,
        84.6266850062779,
        84.62355695452008,
        84.59335218157086,
        84.58126940046039,
        84.57461874825614,
        84.68433707101005,
        84.60343388148716,
        84.58437674386161,
        84.6158948625837,
        84.61294228690011,
        84.58291734967914,
        84.57100568498883,
        84.5645272391183,
        84.67584773472377,
        84.59506552559989,
        84.57612609863281,
        84.6077641078404,
        84.60492597307477,
        84.57501656668526,
        84.56321934291294,
        84.55685860770089,
        84.66927882603237,
        84.58858380998883,
        84.56972830636161,
        84.60144696916852,
        84.59869820731026
    ],
    "valid_losses": [
        353.8127659388951,
        144.95489719935827,
        261.95019967215404,
        106.12090301513672,
        102.0967265537807,
        100.53055354527065,
        99.70255824497768,
        98.94070216587612,
        92.66607121058873,
        92.15181405203683,
        91.57014465332031,
        91.23388998849052,
        90.68519483293805,
        90.41236986432757,
        90.0665751865932,
        89.72852870396206,
        87.61987413678851,
        87.57308523995536,
        87.47018214634487,
        87.48620060511998,
        87.2475357055664,
        87.25331224714007,
        87.16653878348214,
        87.07376207624164,
        86.66510009765625,
        86.6623306274414,
        86.60305350167411,
        86.66125379289899,
        86.4641581944057,
        86.51039450509208,
        86.46230643136161,
        86.4056374686105,
        86.17364283970424,
        86.19526672363281,
        86.15765053885323,
        86.23545510428292,
        86.05565643310547,
        86.11718423025948,
        86.08292170933315,
        86.03892190115792,
        85.91563415527344,
        85.95606994628906,
        85.93399919782367,
        86.02556719098773,
        85.85772269112724,
        85.92989240373883,
        85.90551212855748,
        85.87092917306083,
        85.82426343645368,
        85.86969321114677,
        85.85189819335938,
        85.94754028320312,
        85.78340366908482,
        85.85901532854352,
        85.8379156930106,
        85.80650438581195,
        85.78278459821429,
        85.82935769217355,
        85.81263950892857,
        85.90935625348773,
        85.74626159667969,
        85.82289014543805,
        85.80275399344308,
        85.77228655133929,
        85.75624520438058,
        85.80352020263672,
        85.7874734061105,
        85.88478415352958,
        85.72227805001395,
        85.79950060163226,
        85.77992466517857,
        85.75000108991351,
        85.73899623325893,
        85.7866439819336,
        85.77096666608539,
        85.86860111781529,
        85.70643615722656,
        85.78400312151227,
        85.76476505824498,
        85.73517826625279,
        85.72720336914062,
        85.77503204345703,
        85.7595465523856,
        85.85735757010323,
        85.69537680489677,
        85.77313995361328,
        85.75409044538226,
        85.72468893868583,
        85.71849060058594,
        85.76643698556083,
        85.75106593540737,
        85.84899793352399,
        85.68713814871651,
        85.76501791817802,
        85.74609048025948,
        85.71680668422154,
        85.7117680140904,
        85.75979505266461,
        85.74451119559151,
        85.842529296875,
        85.68075670514789
    ],