{
    "testproblem": "quadratic_deep",
    "batch_size": 128,
    "num_epochs": 100,
    "random_seed": 46,
    "l2_reg": null,
    "optimizer_name": "LookaheadOptimizerMBGDMomentum",
    "optimizer_hyperparams": {
        "learning_rate": 0.002023778954048507,
        "momentum": 0.9808673160454735,
        "use_nesterov": false,
        "k": 8,
        "alpha": 0.2388555817868857,
        "use_locking": false
    },
    "training_params": {
        "lr_sched_epochs": null,
        "lr_sched_factors": null
    },
    "train_losses": [
        354.0567539760045,
        140.53250340053015,
        258.6919642857143,
        106.11941419328961,
        101.00706263950893,
        99.49513244628906,
        98.57673645019531,
        97.82869720458984,
        91.60203116280692,
        91.05765969412667,
        90.41571916852679,
        89.98641095842633,
        89.54657309395927,
        89.18397194998605,
        88.84448678152901,
        88.5290287562779,
        86.52416665213448,
        86.45809282575335,
        86.2562757219587,
        86.18067823137555,
        86.0546122959682,
        85.9718268258231,
        85.89220646449498,
        85.82296425955636,
        85.68109675816127,
        85.3360355922154,
        85.38609858921596,
        85.26510402134487,
        85.23885345458984,
        85.17265319824219,
        85.13416835239956,
        85.09670693533761,
        85.06709398542132,
        84.98848397391183,
        84.99700055803571,
        84.86617170061383,
        84.85758972167969,
        84.7950199672154,
        84.77252415248326,
        84.74967084612165,
        84.73342459542411,
        84.77155412946429,
        84.79656982421875,
        84.67904227120536,
        84.68213762555804,
        84.62997327532086,
        84.61686379568917,
        84.60286821637835,
        84.59510367257255,
        84.70076751708984,
        84.72936684744698,
        84.6149651663644,
        84.62099020821708,
        84.57161603655133,
        84.56112997872489,
        84.54969460623605,
        84.54441615513393,
        84.66739872523716,
        84.6968242100307,
        84.583249773298,
        84.59006064278739,
        84.54146793910435,
        84.53171866280692,
        84.52100699288505,
        84.51642172677177,
        84.6449966430664,
        84.6749997820173,
        84.56199972970145,
        84.56931849888393,
        84.52120644705636,
        84.51191929408482,
        84.50163813999721,
        84.49747358049665,
        84.62987082345145,
        84.66019003731864,
        84.54750497000558,
        84.5551256452288,
        84.50728934151786,
        84.49828229631696,
        84.48826926095145,
        84.48436301095145,
        84.61914171491351,
        84.64962550571987,
        84.537111554827,
        84.5448989868164,
        84.49722617013114,
        84.48838479178292,
        84.47852979387555,
        84.4747815813337,
        84.61106327601841,
        84.64165823800224,
        84.52925109863281,
        84.53715406145368,
        84.48958696637835,
        84.48085239955357,
        84.47110857282367,
        84.46746608189174,
        84.60479409354073,
        84.63547079903739,
        84.52313886369977,
        84.53111703055245
    ],
    "valid_losses": [
        353.8127659388951,
        142.3671591622489,
        260.79566083635603,
        107.3027093069894,
        102.3567875453404,
        100.62254769461495,
        99.75946698869977,
        99.00342886788505,
        92.63829476492745,
        92.17604282924107,
        91.56038883754185,
        91.28936440604073,
        90.79047066824776,
        90.41645050048828,
        90.09491838727679,
        89.76780700683594,
        87.6011984688895,
        87.60724639892578,
        87.44271632603237,
        87.52241625104632,
        87.3380606515067,
        87.24234662737165,
        87.17955017089844,
        87.09737505231585,
        86.91377367292132,
        86.58357783726284,
        86.522947038923,
        86.5014419555664,
        86.5920889718192,
        86.47847529820034,
        86.42166573660714,
        86.40094757080078,
        86.35715811593192,
        86.0917249407087,
        86.17103031703404,
        86.07559422084263,
        86.22077396937779,
        86.09828839983258,
        86.06129891531808,
        86.05365317208427,
        86.02283477783203,
        85.86969757080078,
        85.96514129638672,
        85.88322012765067,
        86.03998456682477,
        85.92789459228516,
        85.90020751953125,
        85.90132795061383,
        85.87887900216239,
        85.792234148298,
        85.8914544241769,
        85.8128182547433,
        85.97263772147042,
        85.86344364711216,
        85.83846173967633,
        85.84221431187221,
        85.8223146711077,
        85.75370570591518,
        85.85392434256417,
        85.77625383649554,
        85.93699754987445,
        85.82870592389789,
        85.80457414899554,
        85.80916159493583,
        85.7900619506836,
        85.72816794259208,
        85.82906232561383,
        85.75206647600446,
        85.91340964181083,
        85.80568477085659,
        85.7821044921875,
        85.78721400669643,
        85.76862117222377,
        85.71145629882812,
        85.81271144321987,
        85.73608289446149,
        85.89777156284877,
        85.79037584577289,
        85.76712581089565,
        85.77255358014789,
        85.75427682059151,
        85.70004381452289,
        85.80147552490234,
        85.72503662109375,
        85.8869149344308,
        85.77969578334263,
        85.75663539341518,
        85.76224953787667,
        85.74415479387555,
        85.69168417794364,
        85.79323032924107,
        85.7168960571289,
        85.87888990129743,
        85.77178846086774,
        85.74884360177177,
        85.75457327706474,
        85.7365973336356,
        85.68525695800781,
        85.78687504359654,
        85.71061488560268,
        85.87268611363002
    ],