{
    "testproblem": "quadratic_deep",
    "batch_size": 128,
    "num_epochs": 100,
    "random_seed": 48,
    "l2_reg": null,
    "optimizer_name": "LookaheadOptimizerMBGDMomentum",
    "optimizer_hyperparams": {
        "learning_rate": 0.002023778954048507,
        "momentum": 0.9808673160454735,
        "use_nesterov": false,
        "k": 8,
        "alpha": 0.2388555817868857,
        "use_locking": false
    },
    "training_params": {
        "lr_sched_epochs": null,
        "lr_sched_factors": null
    },
    "train_losses": [
        353.4622497558594,
        142.1088126046317,
        257.20149666922435,
        106.39640481131417,
        101.4082521711077,
        100.08628845214844,
        99.10594940185547,
        98.35465676443917,
        92.12987518310547,
        91.53633117675781,
        90.9679925101144,
        90.53189086914062,
        90.0926513671875,
        89.74586486816406,
        89.3801498413086,
        89.06736973353794,
        87.0432880946568,
        86.96024104527065,
        86.81252942766461,
        86.72880554199219,
        86.60173034667969,
        86.53399876185826,
        86.4282967703683,
        86.36203983851841,
        86.0542482648577,
        86.01716940743583,
        85.91443634033203,
        85.87488664899554,
        85.79141344342914,
        85.76580047607422,
        85.70043618338448,
        85.67199380057198,
        85.55884116036552,
        85.54654039655414,
        85.46617344447544,
        85.44669015066964,
        85.38111986432757,
        85.37164524623326,
        85.32090759277344,
        85.30594308035714,
        85.30921936035156,
        85.31537628173828,
        85.25062888009208,
        85.24463871547154,
        85.19086565290179,
        85.19219425746373,
        85.15144566127232,
        85.14598519461495,
        85.22664206368583,
        85.23743983677456,
        85.17682756696429,
        85.17459215436664,
        85.1242446899414,
        85.12889862060547,
        85.0912835257394,
        85.08884647914341,
        85.19088854108539,
        85.20262363978794,
        85.1429421561105,
        85.141599382673,
        85.09211186000279,
        85.09762137276786,
        85.06081172398159,
        85.05914633614677,
        85.16729191371373,
        85.17964390345982,
        85.12053680419922,
        85.11971936907086,
        85.07074301583427,
        85.07672882080078,
        85.04037475585938,
        85.03915841238839,
        85.15136064801898,
        85.164060320173,
        85.10528128487724,
        85.10477011544364,
        85.05609348842076,
        85.06237901960101,
        85.02631160191127,
        85.02537754603794,
        85.14015524727958,
        85.15303039550781,
        85.09442465645927,
        85.09408024379185,
        85.04558563232422,
        85.05203683035714,
        85.01614052908761,
        85.015380859375,
        85.13175092424665,
        85.14473833356585,
        85.08624703543526,
        85.08601924351284,
        85.03763689313617,
        85.04420580182757,
        85.0084228515625,
        85.00777653285435,
        85.12523651123047,
        85.13830893380302,
        85.07989937918526,
        85.07975551060268,
        85.03145381382534
    ],
    "valid_losses": [
        353.8127659388951,
        143.24258422851562,
        258.00030299595426,
        106.72212546212333,
        102.1305683680943,
        100.63379015241351,
        99.7201657976423,
        98.97301810128349,
        92.788816179548,
        92.21630096435547,
        91.63065556117466,
        91.18133108956474,
        90.81820787702289,
        90.38864571707589,
        90.06066349574498,
        89.74867684500558,
        87.74310084751674,
        87.67498670305524,
        87.51681518554688,
        87.41771806989398,
        87.36672101702008,
        87.21470969063895,
        87.14546639578683,
        87.07864924839565,
        86.77551596505302,
        86.75206865583148,
        86.63765171595982,
        86.58160836356026,
        86.57313428606305,
        86.46219308035714,
        86.43223789760044,
        86.40218026297433,
        86.28297206333706,
        86.28391483851841,
        86.19147491455078,
        86.15509033203125,
        86.16409301757812,
        86.06884111676898,
        86.05303410121373,
        86.03594643729073,
        86.02816118512835,
        86.04765319824219,
        85.9708720615932,
        85.94798387799945,
        85.968752179827,
        85.8842304774693,
        85.87832205636161,
        85.87062617710659,
        85.93918827601841,
        85.96351078578404,
        85.89102172851562,
        85.87201145717076,
        85.89630998883929,
        85.81519208635602,
        85.81248583112445,
        85.80787549700055,
        85.89849635532924,
        85.92390659877232,
        85.85248347691127,
        85.83448573521206,
        85.85974884033203,
        85.7795911516462,
        85.7777818952288,
        85.77404458182198,
        85.87176622663226,
        85.89788491385323,
        85.82712009974888,
        85.80972290039062,
        85.83556692940849,
        85.75596836635044,
        85.75469098772321,
        85.75147683279855,
        85.85404750279018,
        85.88055092947823,
        85.81015450613839,
        85.79311152866909,
        85.81930324009487,
        85.74004473005023,
        85.73910522460938,
        85.73622240339007,
        85.84186553955078,
        85.86856406075614,
        85.79835946219308,
        85.78150612967355,
        85.80789838518415,
        85.72883605957031,
        85.72809382847377,
        85.72541155133929,
        85.83291734967914,
        85.85973358154297,
        85.78965759277344,
        85.77292851039341,
        85.79944501604352,
        85.7205091203962,
        85.71989440917969,
        85.71733965192523,
        85.82607051304409,
        85.85297502790179,
        85.78297751290458,
        85.7663323538644,
        85.79294041224888
    ],