{
    "testproblem": "quadratic_deep",
    "batch_size": 128,
    "num_epochs": 100,
    "random_seed": 50,
    "l2_reg": null,
    "optimizer_name": "LookaheadOptimizerMBGDMomentum",
    "optimizer_hyperparams": {
        "learning_rate": 0.002023778954048507,
        "momentum": 0.9808673160454735,
        "use_nesterov": false,
        "k": 8,
        "alpha": 0.2388555817868857,
        "use_locking": false
    },
    "training_params": {
        "lr_sched_epochs": null,
        "lr_sched_factors": null
    },
    "train_losses": [
        354.67714146205356,
        142.8243691580636,
        260.99453517368863,
        106.51651872907367,
        102.02117592947823,
        100.35513414655414,
        99.47947583879743,
        98.70703451974052,
        96.92676653180804,
        91.04888044084821,
        90.62524305071149,
        90.21051025390625,
        89.82325744628906,
        89.5265132359096,
        89.20903778076172,
        88.93184443882534,
        88.67525700160435,
        87.07178715297154,
        86.95731571742466,
        86.86615317208427,
        86.76442500523159,
        86.71309334891183,
        86.6210468837193,
        86.55550602504185,
        86.5000752040318,
        86.2343248639788,
        86.1524167742048,
        86.09431784493583,
        86.02614048549107,
        86.00771876743862,
        85.94775499616351,
        85.91264888218471,
        85.88556671142578,
        85.7689950125558,
        85.71298544747489,
        85.67762429373605,
        85.62936183384487,
        85.62867627825055,
        85.58452715192523,
        85.56377519880023,
        85.55005645751953,
        85.55114855085101,
        85.51134817940849,
        85.4895749773298,
        85.45292663574219,
        85.46271078927177,
        85.42804391043526,
        85.41616603306362,
        85.41095842633929,
        85.47986711774554,
        85.44370378766742,
        85.42515999930245,
        85.39140101841518,
        85.40399605887276,
        85.3719722202846,
        85.36266762869698,
        85.35994720458984,
        85.4462421962193,
        85.41094207763672,
        85.39322989327567,
        85.36025782993862,
        85.3736343383789,
        85.34234946114677,
        85.33377838134766,
        85.33175114222935,
        85.42368861607143,
        85.38897596086774,
        85.37182290213448,
        85.33936745779855,
        85.35322679792132,
        85.32239859444755,
        85.31427001953125,
        85.31267329624721,
        85.40846361432757,
        85.37406594412667,
        85.35721806117466,
        85.32506670270648,
        85.33921160016742,
        85.30865805489677,
        85.3008052280971,
        85.29946899414062,
        85.3976582118443,
        85.3634283883231,
        85.34674399239677,
        85.31476811000279,
        85.3290786743164,
        85.29869297572544,
        85.29099709647042,
        85.28982107979911,
        85.38951655796596,
        85.3553968157087,
        85.33882686070034,
        85.30696323939732,
        85.32138061523438,
        85.29110935756138,
        85.28352573939732,
        85.28245762416294,
        85.38320050920758,
        85.34915924072266,
        85.33266122000558,
        85.30087716238839
    ],
    "valid_losses": [
        353.8127659388951,
        143.98074558803015,
        262.0376935686384,
        106.51526968819755,
        102.49504634312221,
        100.5447028023856,
        99.73779732840401,
        98.97586495535714,
        97.20938546316964,
        91.40987723214286,
        91.01427132742745,
        90.52968052455357,
        90.17983027866909,
        89.99469539097377,
        89.57560511997768,
        89.32537405831474,
        89.07272120884487,
        87.48271179199219,
        87.39722987583706,
        87.26459721156529,
        87.18865094866071,
        87.2496828351702,
        87.05204445975167,
        87.0112064906529,
        86.95714351109096,
        86.67871856689453,
        86.62376948765346,
        86.52218845912388,
        86.4780044555664,
        86.5701904296875,
        86.40291486467633,
        86.39077322823661,
        86.36328560965401,
        86.21620287214007,
        86.18675558907645,
        86.10747419084821,
        86.08272116524833,
        86.1920907156808,
        86.04002380371094,
        86.04156058175224,
        86.02671922956195,
        85.99027143205915,
        85.97732979910714,
        85.91184888567243,
        85.89883967808315,
        86.01873234340123,
        85.87613568987165,
        85.88650403703961,
        85.88009425571987,
        85.9108407156808,
        85.90190124511719,
        85.83993530273438,
        85.83005632672992,
        85.95296042306083,
        85.81317792619977,
        85.8262688773019,
        85.8224846976144,
        85.87212589808873,
        85.86425236293248,
        85.80330330984933,
        85.79436928885323,
        85.91820962088448,
        85.77931322370257,
        85.79328155517578,
        85.79034205845424,
        85.84707968575614,
        85.83987862723214,
        85.77956826346261,
        85.77123260498047,
        85.89563424246651,
        85.7572740827288,
        85.77176775251117,
        85.76934378487724,
        85.83081381661552,
        85.8239517211914,
        85.76397160121373,
        85.75596727643695,
        85.88068498883929,
        85.74263872419085,
        85.75745064871651,
        85.75532531738281,
        85.81959860665458,
        85.81289890834263,
        85.75308990478516,
        85.74526868547711,
        85.87016187395368,
        85.73229653494698,
        85.74728284563336,
        85.74533517020089,
        85.81127275739398,
        85.804685320173,
        85.74498530796596,
        85.73727525983539,
        85.86228615897042,
        85.72453308105469,
        85.73963165283203,
        85.73779841831752,
        85.8048346383231,
        85.79832240513393,
        85.73869868687221,
        85.73106929234096
    ],