{
    "testproblem": "quadratic_deep",
    "batch_size": 128,
    "num_epochs": 100,
    "random_seed": 47,
    "l2_reg": null,
    "optimizer_name": "LookaheadOptimizerMBGDMomentum",
    "optimizer_hyperparams": {
        "learning_rate": 0.002023778954048507,
        "momentum": 0.9808673160454735,
        "use_nesterov": false,
        "k": 8,
        "alpha": 0.2388555817868857,
        "use_locking": false
    },
    "training_params": {
        "lr_sched_epochs": null,
        "lr_sched_factors": null
    },
    "train_losses": [
        352.27917916434154,
        142.47108677455358,
        253.7823965890067,
        106.18593161446708,
        101.50939832414899,
        100.15650394984654,
        99.18379756382534,
        98.4341288975307,
        92.17088099888393,
        91.66016496930804,
        91.00342123849052,
        90.57000732421875,
        90.15257917131696,
        89.81460571289062,
        89.46028682163784,
        89.14477648053851,
        87.09961482456752,
        87.06975991385323,
        86.84410967145648,
        86.76076943533761,
        86.65459660121373,
        86.5957510811942,
        86.5015378679548,
        86.43271854945591,
        86.28532082693917,
        85.95412009102958,
        85.96841866629464,
        85.85981859479632,
        85.82786124093192,
        85.76955958775112,
        85.75518580845424,
        85.70322854178292,
        85.67421286446708,
        85.60972704206195,
        85.44403512137276,
        85.48741912841797,
        85.4046151297433,
        85.3949726649693,
        85.35646275111607,
        85.35982186453683,
        85.32402910505023,
        85.31004769461495,
        85.32684217180524,
        85.3886217389788,
        85.24862343924386,
        85.24496350969586,
        85.21364266531808,
        85.22527313232422,
        85.1974868774414,
        85.19098118373326,
        85.26536233084542,
        85.33007049560547,
        85.19253322056362,
        85.19117845807757,
        85.16207340785435,
        85.17587498256138,
        85.15018354143415,
        85.14568764822823,
        85.23402840750558,
        85.29952022007534,
        85.16270446777344,
        85.16207122802734,
        85.13365718296596,
        85.14814213344029,
        85.12310573032924,
        85.11923435756138,
        85.2128186907087,
        85.27887180873326,
        85.1425301688058,
        85.14237758091518,
        85.11440822056362,
        85.1293215070452,
        85.10469382149833,
        85.10122571672711,
        85.19844709123883,
        85.26479993547711,
        85.12871442522321,
        85.12882995605469,
        85.10111890520368,
        85.1162839617048,
        85.09190695626395,
        85.08868081229073,
        85.18812452043805,
        85.254638671875,
        85.1186992100307,
        85.11897277832031,
        85.09141976492745,
        85.10673195975167,
        85.08250645228794,
        85.07942962646484,
        85.18029240199498,
        85.24691336495536,
        85.11108289446149,
        85.11146109444755,
        85.08401271275112,
        85.09943171909877,
        85.07530648367745,
        85.07233210972377,
        85.17418997628349,
        85.24088396344867,
        85.10513305664062
    ],
    "valid_losses": [
        353.8127659388951,
        142.71819850376673,
        253.4445059640067,
        106.49782344273159,
        101.97018759591239,
        100.6879653930664,
        99.71918596540179,
        98.9635979788644,
        92.69923509870257,
        92.23395320347377,
        91.54971095493862,
        91.1423808506557,
        90.69738660539899,
        90.40287344796317,
        90.04383414132255,
        89.72581154959542,
        87.69677734375,
        87.70047869001117,
        87.44327981131417,
        87.3825432913644,
        87.24696350097656,
        87.22987801688058,
        87.12948826381138,
        87.05675833565849,
        86.90970175606864,
        86.59601157052177,
        86.62887028285435,
        86.48877716064453,
        86.47448294503349,
        86.38622610909599,
        86.41211918422154,
        86.35274723597935,
        86.31843675885882,
        86.25099400111607,
        86.09005846296039,
        86.15156882149833,
        86.03683471679688,
        86.04437473842076,
        85.97541046142578,
        86.01849910191127,
        85.97472163609096,
        85.95484270368304,
        85.95328085763114,
        86.04660252162388,
        85.87308284214565,
        85.89012037004743,
        85.82748086111886,
        85.87893676757812,
        85.8429936000279,
        85.83052171979632,
        85.88580431256976,
        85.98216683523995,
        85.81125967843192,
        85.83072444370815,
        85.77040754045758,
        85.8241195678711,
        85.79034641810826,
        85.77995082310268,
        85.84993525913784,
        85.94723728724888,
        85.77718898228237,
        85.79749080113002,
        85.73798043387276,
        85.79247501918248,
        85.75945826939174,
        85.74979291643415,
        85.82605089460101,
        85.92400469098773,
        85.75450788225446,
        85.77537318638393,
        85.71637725830078,
        85.77138410295758,
        85.73885127476284,
        85.7296633039202,
        85.81034415108817,
        85.90863146100726,
        85.7394267490932,
        85.76059831891742,
        85.70190320696149,
        85.7572043282645,
        85.72495923723493,
        85.71606118338448,
        85.79941667829242,
        85.89787292480469,
        85.7288327898298,
        85.75017547607422,
        85.69165366036552,
        85.74712480817523,
        85.71504865373883,
        85.7063217163086,
        85.79130009242466,
        85.88986642020089,
        85.72093418666294,
        85.74238586425781,
        85.68397303989956,
        85.7395520891462,
        85.70758601597377,
        85.69896806989398,
        85.78501347133091,
        85.88364955357143,
        85.71479252406529
    ],