{
    "testproblem": "quadratic_deep",
    "batch_size": 128,
    "num_epochs": 100,
    "random_seed": 43,
    "l2_reg": null,
    "optimizer_name": "LookaheadOptimizerMBGDMomentum",
    "optimizer_hyperparams": {
        "learning_rate": 0.002023778954048507,
        "momentum": 0.9808673160454735,
        "use_nesterov": false,
        "k": 8,
        "alpha": 0.2388555817868857,
        "use_locking": false
    },
    "training_params": {
        "lr_sched_epochs": null,
        "lr_sched_factors": null
    },
    "train_losses": [
        353.2813415527344,
        142.0670928955078,
        259.23123604910717,
        105.71769278390067,
        101.09848894391742,
        99.53178187779018,
        98.70120239257812,
        97.93724822998047,
        91.67478397914341,
        91.14576939174107,
        90.51528603690011,
        90.05994415283203,
        89.63191986083984,
        89.27316175188336,
        88.94153594970703,
        88.62953513009208,
        86.53481074741909,
        86.56156921386719,
        86.35155923025948,
        86.25864955357143,
        86.13874925885882,
        86.05990600585938,
        85.98776572091239,
        85.92232622419085,
        85.54516492571149,
        85.6191656930106,
        85.45443943568638,
        85.40586635044643,
        85.32930646623883,
        85.29258946010044,
        85.26058306012835,
        85.23285675048828,
        85.05037580217633,
        85.14928327287946,
        85.00688934326172,
        84.97826603480748,
        84.91945212227958,
        84.89878191266742,
        84.88138471330915,
        84.86714499337333,
        84.8012945992606,
        84.91853877476284,
        84.79164014543805,
        84.77640424455915,
        84.72933741978237,
        84.71940285818917,
        84.71205030168805,
        84.70736585344586,
        84.7191140311105,
        84.8408704485212,
        84.71800449916294,
        84.70647648402623,
        84.66284724644252,
        84.65619223458427,
        84.65201786586216,
        84.65038953508649,
        84.68358721051898,
        84.80622972760882,
        84.68424660818917,
        84.6736068725586,
        84.63086046491351,
        84.62504032679966,
        84.6216790335519,
        84.62083653041294,
        84.6161869594029,
        84.63800484793526,
        84.72086770193917,
        84.66445595877511,
        84.6471448625837,
        84.6069564819336,
        84.60192980085101,
        84.59903499058315,
        84.59865352085659,
        84.64240046909877,
        84.76596178327289,
        84.6449726649693,
        84.635256086077,
        84.59335654122489,
        84.58833857945034,
        84.5857402256557,
        84.58564104352679,
        84.63171713692802,
        84.75555092947823,
        84.63466535295758,
        84.62506866455078,
        84.58333914620536,
        84.57847486223493,
        84.57603781563895,
        84.5760977608817,
        84.6236572265625,
        84.7476054600307,
        84.62683541434151,
        84.61734117780414,
        84.57571738106864,
        84.57096426827567,
        84.56863185337612,
        84.56880514962333,
        84.61739894321987,
        84.74142456054688,
        84.62072644914899,
        84.61131286621094
    ],
    "valid_losses": [
        353.8127659388951,
        143.63900320870536,
        260.62926592145647,
        106.54389299665179,
        102.21223994663784,
        100.5446047101702,
        99.72086879185268,
        98.97033037458148,
        92.82952880859375,
        92.24352700369698,
        91.63842337472099,
        91.15941619873047,
        90.70931897844586,
        90.39656611851284,
        90.03589957101005,
        89.73508998325893,
        87.74557495117188,
        87.703125,
        87.52608054024833,
        87.40584455217633,
        87.26373291015625,
        87.22893851143974,
        87.12617492675781,
        87.0702383858817,
        86.78107234409877,
        86.78429085867745,
        86.65104348318917,
        86.57378496442523,
        86.47370910644531,
        86.47977665492466,
        86.41587393624442,
        86.3963623046875,
        86.28888048444476,
        86.3165751865932,
        86.20523398263114,
        86.14746529715401,
        86.06465257917132,
        86.08624594552177,
        86.03639439174107,
        86.029782976423,
        86.03312465122768,
        86.07930428641183,
        85.98353794642857,
        85.93919045584542,
        85.8681139264788,
        85.90038081577846,
        85.86048889160156,
        85.86332702636719,
        85.94328853062221,
        85.99422781808036,
        85.90270015171596,
        85.8622305733817,
        85.7947246006557,
        85.83038330078125,
        85.79376438685826,
        85.79974692208427,
        85.9021246773856,
        85.95413316999164,
        85.86364637102399,
        85.82421003069196,
        85.75771222795758,
        85.7943344116211,
        85.75864846365792,
        85.76553889683315,
        85.7777077811105,
        85.79155840192523,
        85.85800061907086,
        85.8403821672712,
        85.79654257638114,
        85.73065076555524,
        85.76815141950335,
        85.73285348074776,
        85.74029976981026,
        85.85539136614118,
        85.90843527657645,
        85.81912013462612,
        85.7807388305664,
        85.7152350289481,
        85.75279562813895,
        85.718019757952,
        85.72580065046039,
        85.84376961844308,
        85.89712415422711,
        85.80789184570312,
        85.76964896065849,
        85.70433153424945,
        85.74206978934151,
        85.70747702462333,
        85.71543884277344,
        85.83514622279576,
        85.88861846923828,
        85.79950387137276,
        85.76137978690011,
        85.69617244175502,
        85.7340316772461,
        85.69955662318638,
        85.70763724190849,
        85.82849884033203,
        85.88204520089286,
        85.79301016671317,
        85.75496673583984
    ],