{
    "testproblem": "quadratic_deep",
    "batch_size": 128,
    "num_epochs": 100,
    "random_seed": 44,
    "l2_reg": null,
    "optimizer_name": "LookaheadOptimizerMBGDMomentum",
    "optimizer_hyperparams": {
        "learning_rate": 0.002023778954048507,
        "momentum": 0.9808673160454735,
        "use_nesterov": false,
        "k": 8,
        "alpha": 0.2388555817868857,
        "use_locking": false
    },
    "training_params": {
        "lr_sched_epochs": [
            1,
            2,
            3,
            4,
            5,
            6,
            7,
            8,
            9,
            10,
            11,
            12,
            13,
            14,
            15,
            16,
            17,
            18,
            19,
            20,
            21,
            22,
            23,
            24,
            25,
            26,
            27,
            28,
            29,
            30,
            31,
            32,
            33,
            34,
            35,
            36,
            37,
            38,
            39,
            40,
            41,
            42,
            43,
            44,
            45,
            46,
            47,
            48,
            49,
            50,
            51,
            52,
            53,
            54,
            55,
            56,
            57,
            58,
            59,
            60,
            61,
            62,
            63,
            64,
            65,
            66,
            67,
            68,
            69,
            70,
            71,
            72,
            73,
            74,
            75,
            76,
            77,
            78,
            79,
            80,
            81,
            82,
            83,
            84,
            85,
            86,
            87,
            88,
            89,
            90,
            91,
            92,
            93,
            94,
            95,
            96,
            97,
            98,
            99,
            100
        ],
        "lr_sched_factors": [
            0.1,
            0.2,
            0.3,
            0.4,
            0.5,
            0.6,
            0.7,
            0.8,
            0.9,
            1.0,
            1.0,
            1.0,
            1.0,
            1.0,
            1.0,
            1.0,
            1.0,
            1.0,
            1.0,
            1.0,
            1.0,
            1.0,
            1.0,
            1.0,
            1.0,
            1.0,
            1.0,
            1.0,
            1.0,
            1.0,
            1.0,
            1.0,
            1.0,
            1.0,
            1.0,
            1.0,
            1.0,
            1.0,
            1.0,
            1.0,
            1.0,
            1.0,
            1.0,
            1.0,
            1.0,
            1.0,
            1.0,
            1.0,
            1.0,
            1.0,
            1.0,
            1.0,
            1.0,
            1.0,
            1.0,
            1.0,
            1.0,
            1.0,
            1.0,
            1.0,
            1.0,
            1.0,
            1.0,
            1.0,
            1.0,
            1.0,
            1.0,
            1.0,
            1.0,
            1.0,
            1.0,
            1.0,
            1.0,
            1.0,
            1.0,
            1.0,
            1.0,
            1.0,
            1.0,
            1.0,
            1.0,
            1.0,
            1.0,
            1.0,
            1.0,
            1.0,
            1.0,
            1.0,
            1.0,
            1.0,
            0.9090909090909091,
            0.8181818181818181,
            0.7272727272727273,
            0.6363636363636364,
            0.5454545454545454,
            0.4545454545454546,
            0.36363636363636365,
            0.2727272727272727,
            0.18181818181818177,
            0.09090909090909094
        ]
    },
    "train_losses": [
        352.5200631277902,
        141.32775224958147,
        160.41755894252233,
        106.87416621616909,
        114.88554382324219,
        117.67799595424107,
        111.00826590401786,
        108.12245287214007,
        102.20634460449219,
        98.95719473702567,
        93.55632890973773,
        91.50790841238839,
        90.87005833217076,
        90.32501438685826,
        89.87659454345703,
        89.47417340959821,
        89.10135432652065,
        86.70574951171875,
        86.64431980678013,
        86.51200321742466,
        86.48718152727399,
        86.30920737130302,
        86.20851789202008,
        86.13033185686383,
        86.06506783621651,
        85.72460501534599,
        85.70403289794922,
        85.61278642926898,
        85.62984466552734,
        85.49327305385044,
        85.43324170793805,
        85.39376286097935,
        85.36413138253349,
        85.16415841238839,
        85.17369951520648,
        85.10885729108539,
        85.14882441929409,
        85.03230503627232,
        84.98970903669085,
        84.96572875976562,
        84.95016479492188,
        84.87602015904018,
        84.90883418491909,
        84.8632561819894,
        84.91953604561942,
        84.81745038713727,
        84.7876957484654,
        84.775632585798,
        84.7714113507952,
        84.78862544468471,
        84.82667214529855,
        84.78561619349888,
        84.84597887311664,
        84.74780164446149,
        84.72167205810547,
        84.71308135986328,
        84.71222359793526,
        84.75197383335659,
        84.7909654889788,
        84.75078909737724,
        84.81204441615513,
        84.71475001743862,
        84.68946620396206,
        84.68167768205915,
        84.68158612932477,
        84.68141392299107,
        84.68365369524274,
        84.72939082554409,
        84.71371677943638,
        84.77777862548828,
        84.68976702008929,
        84.66522325788226,
        84.65800258091518,
        84.65840802873883,
        84.70878601074219,
        84.74888610839844,
        84.70981706891742,
        84.77205875941685,
        84.67565155029297,
        84.65126364571708,
        84.64431326729911,
        84.645021711077,
        84.69781058175224,
        84.73815046037946,
        84.69919913155692,
        84.76165662493024,
        84.66541944231305,
        84.64119938441685,
        84.63441140311105,
        84.63528551374164,
        84.68960244315011,
        84.7300556727818,
        84.6855719430106,
        84.70907592773438,
        84.64973558698382,
        84.63015747070312,
        84.62840270996094,
        84.6287819998605,
        84.6550772530692,
        84.64703151157924,
        84.63170950753349
    ],