{
    "testproblem": "quadratic_deep",
    "batch_size": 128,
    "num_epochs": 100,
    "random_seed": 46,
    "l2_reg": null,
    "optimizer_name": "LookaheadOptimizerMBGDMomentum",
    "optimizer_hyperparams": {
        "learning_rate": 0.002023778954048507,
        "momentum": 0.9808673160454735,
        "use_nesterov": false,
        "k": 8,
        "alpha": 0.2388555817868857,
        "use_locking": false
    },
    "training_params": {
        "lr_sched_epochs": [
            1,
            2,
            3,
            4,
            5,
            6,
            7,
            8,
            9,
            10,
            11,
            12,
            13,
            14,
            15,
            16,
            17,
            18,
            19,
            20,
            21,
            22,
            23,
            24,
            25,
            26,
            27,
            28,
            29,
            30,
            31,
            32,
            33,
            34,
            35,
            36,
            37,
            38,
            39,
            40,
            41,
            42,
            43,
            44,
            45,
            46,
            47,
            48,
            49,
            50,
            51,
            52,
            53,
            54,
            55,
            56,
            57,
            58,
            59,
            60,
            61,
            62,
            63,
            64,
            65,
            66,
            67,
            68,
            69,
            70,
            71,
            72,
            73,
            74,
            75,
            76,
            77,
            78,
            79,
            80,
            81,
            82,
            83,
            84,
            85,
            86,
            87,
            88,
            89,
            90,
            91,
            92,
            93,
            94,
            95,
            96,
            97,
            98,
            99,
            100
        ],
        "lr_sched_factors": [
            0.1,
            0.2,
            0.3,
            0.4,
            0.5,
            0.6,
            0.7,
            0.8,
            0.9,
            1.0,
            1.0,
            1.0,
            1.0,
            1.0,
            1.0,
            1.0,
            1.0,
            1.0,
            1.0,
            1.0,
            1.0,
            1.0,
            1.0,
            1.0,
            1.0,
            1.0,
            1.0,
            1.0,
            1.0,
            1.0,
            1.0,
            1.0,
            1.0,
            1.0,
            1.0,
            1.0,
            1.0,
            1.0,
            1.0,
            1.0,
            1.0,
            1.0,
            1.0,
            1.0,
            1.0,
            1.0,
            1.0,
            1.0,
            1.0,
            1.0,
            1.0,
            1.0,
            1.0,
            1.0,
            1.0,
            1.0,
            1.0,
            1.0,
            1.0,
            1.0,
            1.0,
            1.0,
            1.0,
            1.0,
            1.0,
            1.0,
            1.0,
            1.0,
            1.0,
            1.0,
            1.0,
            1.0,
            1.0,
            1.0,
            1.0,
            1.0,
            1.0,
            1.0,
            1.0,
            1.0,
            1.0,
            1.0,
            1.0,
            1.0,
            1.0,
            1.0,
            1.0,
            1.0,
            1.0,
            1.0,
            0.9090909090909091,
            0.8181818181818181,
            0.7272727272727273,
            0.6363636363636364,
            0.5454545454545454,
            0.4545454545454546,
            0.36363636363636365,
            0.2727272727272727,
            0.18181818181818177,
            0.09090909090909094
        ]
    },
    "train_losses": [
        354.0567539760045,
        140.53250340053015,
        160.79095676967077,
        106.71490042550224,
        115.36755807059151,
        117.72989327566964,
        110.96027047293526,
        108.0049067905971,
        102.01715414864677,
        98.9594257899693,
        93.74267578125,
        91.32647487095424,
        90.65951429094586,
        90.16300746372768,
        89.72788674490792,
        89.32256753104073,
        88.94471195765904,
        86.62855420793805,
        86.55690329415458,
        86.35102190290179,
        86.2713873726981,
        86.14197213309151,
        86.05659484863281,
        85.97529929024833,
        85.90540640694755,
        85.64684513636998,
        85.61605181012835,
        85.45140402657645,
        85.41356222970145,
        85.32569013323102,
        85.28114645821708,
        85.23857879638672,
        85.20433589390346,
        85.08631461007255,
        85.08580562046596,
        84.94740622384208,
        84.93256596156529,
        84.86467742919922,
        84.83754294259208,
        84.81046404157367,
        84.79026794433594,
        84.79791695731026,
        84.82085200718471,
        84.70160457066127,
        84.70319475446429,
        84.64967673165458,
        84.63534218924386,
        84.6201923915318,
        84.61133793422154,
        84.7103772844587,
        84.73861912318638,
        84.62388392857143,
        84.62960924421039,
        84.57996913364956,
        84.56923130580357,
        84.55756596156529,
        84.55208260672433,
        84.67371804373605,
        84.70289393833706,
        84.58908299037388,
        84.595700945173,
        84.54694148472377,
        84.53703308105469,
        84.52617645263672,
        84.52146366664341,
        84.64889417375836,
        84.67877851213727,
        84.56565747942243,
        84.57287924630302,
        84.52467019217355,
        84.51529257638114,
        84.5049329485212,
        84.5006855555943,
        84.63240705217633,
        84.66267395019531,
        84.54994419642857,
        84.5575180053711,
        84.50964028494698,
        84.50058855329242,
        84.49052974155971,
        84.48658643450055,
        84.62099783761161,
        84.65144893101284,
        84.53890991210938,
        84.54667118617466,
        84.49897003173828,
        84.49010031563895,
        84.480224609375,
        84.47645241873605,
        84.61248343331474,
        84.64305332728794,
        84.53063528878349,
        84.52866036551339,
        84.4869384765625,
        84.4745101928711,
        84.46964590890067,
        84.4694355555943,
        84.50970567975726,
        84.50938633510044,
        84.47928510393415,
        84.46849714006696
    ],