{
    "testproblem": "quadratic_deep",
    "batch_size": 128,
    "num_epochs": 100,
    "random_seed": 50,
    "l2_reg": null,
    "optimizer_name": "LookaheadOptimizerMBGDMomentum",
    "optimizer_hyperparams": {
        "learning_rate": 0.002023778954048507,
        "momentum": 0.9808673160454735,
        "use_nesterov": false,
        "k": 8,
        "alpha": 0.2388555817868857,
        "use_locking": false
    },
    "training_params": {
        "lr_sched_epochs": [
            1,
            2,
            3,
            4,
            5,
            6,
            7,
            8,
            9,
            10,
            11,
            12,
            13,
            14,
            15,
            16,
            17,
            18,
            19,
            20,
            21,
            22,
            23,
            24,
            25,
            26,
            27,
            28,
            29,
            30,
            31,
            32,
            33,
            34,
            35,
            36,
            37,
            38,
            39,
            40,
            41,
            42,
            43,
            44,
            45,
            46,
            47,
            48,
            49,
            50,
            51,
            52,
            53,
            54,
            55,
            56,
            57,
            58,
            59,
            60,
            61,
            62,
            63,
            64,
            65,
            66,
            67,
            68,
            69,
            70,
            71,
            72,
            73,
            74,
            75,
            76,
            77,
            78,
            79,
            80,
            81,
            82,
            83,
            84,
            85,
            86,
            87,
            88,
            89,
            90,
            91,
            92,
            93,
            94,
            95,
            96,
            97,
            98,
            99,
            100
        ],
        "lr_sched_factors": [
            0.1,
            0.2,
            0.3,
            0.4,
            0.5,
            0.6,
            0.7,
            0.8,
            0.9,
            1.0,
            1.0,
            1.0,
            1.0,
            1.0,
            1.0,
            1.0,
            1.0,
            1.0,
            1.0,
            1.0,
            1.0,
            1.0,
            1.0,
            1.0,
            1.0,
            1.0,
            1.0,
            1.0,
            1.0,
            1.0,
            1.0,
            1.0,
            1.0,
            1.0,
            1.0,
            1.0,
            1.0,
            1.0,
            1.0,
            1.0,
            1.0,
            1.0,
            1.0,
            1.0,
            1.0,
            1.0,
            1.0,
            1.0,
            1.0,
            1.0,
            1.0,
            1.0,
            1.0,
            1.0,
            1.0,
            1.0,
            1.0,
            1.0,
            1.0,
            1.0,
            1.0,
            1.0,
            1.0,
            1.0,
            1.0,
            1.0,
            1.0,
            1.0,
            1.0,
            1.0,
            1.0,
            1.0,
            1.0,
            1.0,
            1.0,
            1.0,
            1.0,
            1.0,
            1.0,
            1.0,
            1.0,
            1.0,
            1.0,
            1.0,
            1.0,
            1.0,
            1.0,
            1.0,
            1.0,
            1.0,
            0.9090909090909091,
            0.8181818181818181,
            0.7272727272727273,
            0.6363636363636364,
            0.5454545454545454,
            0.4545454545454546,
            0.36363636363636365,
            0.2727272727272727,
            0.18181818181818177,
            0.09090909090909094
        ]
    },
    "train_losses": [
        354.67714146205356,
        142.8243691580636,
        161.05496651785714,
        107.58602469308036,
        115.94510759626117,
        118.46839904785156,
        111.62195369175502,
        108.76365007672992,
        103.75792912074498,
        99.63146427699498,
        94.55658503941127,
        92.92221505301339,
        92.27761404854911,
        91.72206442696708,
        91.22677394321987,
        90.76506914411273,
        87.73550306047711,
        87.57363455636161,
        87.43895939418248,
        87.29829515729632,
        87.21066720145089,
        87.08458382742745,
        86.98731667654855,
        86.9027099609375,
        86.52126094273159,
        86.42351531982422,
        86.3516595023019,
        86.27169363839286,
        86.2431640625,
        86.17462485177177,
        86.1322272164481,
        86.09881700788226,
        85.9332024710519,
        85.86280822753906,
        85.81574249267578,
        85.7578125,
        85.74881853376117,
        85.69742693219867,
        85.67011478969029,
        85.65025983537946,
        85.60144151960101,
        85.55765206473214,
        85.53256225585938,
        85.49308231898716,
        85.50028446742466,
        85.46326664515904,
        85.44917515345982,
        85.44186074393136,
        85.49674442836216,
        85.45995439801898,
        85.44083731515067,
        85.40655626569476,
        85.41864885602679,
        85.38616180419922,
        85.37640925816127,
        85.37327248709542,
        85.36807250976562,
        85.35848127092633,
        85.41663578578404,
        85.39786638532367,
        85.36341748918805,
        85.37798854282924,
        85.34759085518974,
        85.33891296386719,
        85.3367440359933,
        85.42761884416852,
        85.39265986851284,
        85.37545013427734,
        85.3428976876395,
        85.35666874476841,
        85.32574680873326,
        85.31753867013114,
        85.31585475376674,
        85.31400081089565,
        85.31506020682198,
        85.37435804094586,
        85.35666002546039,
        85.32322583879743,
        85.33871895926339,
        85.30919756208148,
        85.3013687133789,
        85.30001068115234,
        85.39819226946149,
        85.36382620675224,
        85.3471919468471,
        85.31521715436664,
        85.3295179094587,
        85.2991202218192,
        85.29142434256417,
        85.29024178641183,
        85.28955950055804,
        85.28748866489956,
        85.2881840297154,
        85.32793426513672,
        85.31436920166016,
        85.29303959437779,
        85.29267120361328,
        85.28267778669085,
        85.2830570765904,
        85.2832761492048,
        85.28407069614956
    ],