{
    "testproblem": "quadratic_deep",
    "batch_size": 128,
    "num_epochs": 100,
    "random_seed": 43,
    "l2_reg": null,
    "optimizer_name": "LookaheadOptimizerMBGDMomentum",
    "optimizer_hyperparams": {
        "learning_rate": 0.002023778954048507,
        "momentum": 0.9808673160454735,
        "use_nesterov": false,
        "k": 8,
        "alpha": 0.2388555817868857,
        "use_locking": false
    },
    "training_params": {
        "lr_sched_epochs": [
            1,
            2,
            3,
            4,
            5,
            6,
            7,
            8,
            9,
            10,
            11,
            12,
            13,
            14,
            15,
            16,
            17,
            18,
            19,
            20,
            21,
            22,
            23,
            24,
            25,
            26,
            27,
            28,
            29,
            30,
            31,
            32,
            33,
            34,
            35,
            36,
            37,
            38,
            39,
            40,
            41,
            42,
            43,
            44,
            45,
            46,
            47,
            48,
            49,
            50,
            51,
            52,
            53,
            54,
            55,
            56,
            57,
            58,
            59,
            60,
            61,
            62,
            63,
            64,
            65,
            66,
            67,
            68,
            69,
            70,
            71,
            72,
            73,
            74,
            75,
            76,
            77,
            78,
            79,
            80,
            81,
            82,
            83,
            84,
            85,
            86,
            87,
            88,
            89,
            90,
            91,
            92,
            93,
            94,
            95,
            96,
            97,
            98,
            99,
            100
        ],
        "lr_sched_factors": [
            0.1,
            0.2,
            0.3,
            0.4,
            0.5,
            0.6,
            0.7,
            0.8,
            0.9,
            1.0,
            1.0,
            1.0,
            1.0,
            1.0,
            1.0,
            1.0,
            1.0,
            1.0,
            1.0,
            1.0,
            1.0,
            1.0,
            1.0,
            1.0,
            1.0,
            1.0,
            1.0,
            1.0,
            1.0,
            1.0,
            1.0,
            1.0,
            1.0,
            1.0,
            1.0,
            1.0,
            1.0,
            1.0,
            1.0,
            1.0,
            1.0,
            1.0,
            1.0,
            1.0,
            1.0,
            1.0,
            1.0,
            1.0,
            1.0,
            1.0,
            1.0,
            1.0,
            1.0,
            1.0,
            1.0,
            1.0,
            1.0,
            1.0,
            1.0,
            1.0,
            1.0,
            1.0,
            1.0,
            1.0,
            1.0,
            1.0,
            1.0,
            1.0,
            1.0,
            1.0,
            1.0,
            1.0,
            1.0,
            1.0,
            1.0,
            1.0,
            1.0,
            1.0,
            1.0,
            1.0,
            1.0,
            1.0,
            1.0,
            1.0,
            1.0,
            1.0,
            1.0,
            1.0,
            1.0,
            1.0,
            0.9090909090909091,
            0.8181818181818181,
            0.7272727272727273,
            0.6363636363636364,
            0.5454545454545454,
            0.4545454545454546,
            0.36363636363636365,
            0.2727272727272727,
            0.18181818181818177,
            0.09090909090909094
        ]
    },
    "train_losses": [
        353.2813415527344,
        142.0670928955078,
        160.1534423828125,
        106.84190259660993,
        114.96236746651786,
        117.67352294921875,
        110.86327362060547,
        107.99563162667411,
        103.1300299508231,
        98.66735294886998,
        93.99557713099888,
        92.19455283028739,
        91.49967193603516,
        90.97179303850446,
        90.4841079711914,
        90.02571541922433,
        86.95673043387276,
        86.9521015712193,
        86.71434892926898,
        86.59674399239677,
        86.453859601702,
        86.35377066476005,
        86.26214708600726,
        86.17914690290179,
        85.7475117274693,
        85.80849783761161,
        85.63282121930804,
        85.57516043526786,
        85.49112701416016,
        85.44821166992188,
        85.41104125976562,
        85.37894330705915,
        85.16236659458706,
        85.25072043282645,
        85.09976959228516,
        85.0640890938895,
        84.99935259137835,
        84.9735107421875,
        84.95144871303013,
        84.93287658691406,
        84.83283233642578,
        84.9474367414202,
        84.81832885742188,
        84.80117797851562,
        84.75242941720145,
        84.74094717843192,
        84.73214939662388,
        84.72611127580915,
        84.72934831891742,
        84.85070691789899,
        84.72747366768974,
        84.71560450962612,
        84.67166137695312,
        84.66471862792969,
        84.66027723039899,
        84.65841238839286,
        84.6901615687779,
        84.81253705705915,
        84.69032069614956,
        84.67948586600167,
        84.63655199323382,
        84.63057817731585,
        84.62707192557198,
        84.62609754289899,
        84.62113189697266,
        84.64182717459542,
        84.72455378941127,
        84.66803741455078,
        84.65062822614398,
        84.61034611293248,
        84.60523441859654,
        84.60225786481585,
        84.60180119105748,
        84.64488765171596,
        84.76839665004185,
        84.64736066545758,
        84.63760266985211,
        84.5956562587193,
        84.5906001499721,
        84.58795819963727,
        84.58782523018974,
        84.63354056222099,
        84.75734383719308,
        84.63643210274833,
        84.6268081665039,
        84.58505140032086,
        84.58016858782086,
        84.57769666399274,
        84.5777337210519,
        84.62505558558873,
        84.74898311070034,
        84.62819126674107,
        84.61191776820591,
        84.57394518171039,
        84.56930759974888,
        84.5689675467355,
        84.57029179164341,
        84.58384377615792,
        84.60201590401786,
        84.58569989885602,
        84.57086944580078
    ],