{
    "testproblem": "quadratic_deep",
    "batch_size": 128,
    "num_epochs": 100,
    "random_seed": 45,
    "l2_reg": null,
    "optimizer_name": "LookaheadOptimizerMBGDMomentum",
    "optimizer_hyperparams": {
        "learning_rate": 0.002023778954048507,
        "momentum": 0.9808673160454735,
        "use_nesterov": false,
        "k": 8,
        "alpha": 0.2388555817868857,
        "use_locking": false
    },
    "training_params": {
        "lr_sched_epochs": [
            1,
            2,
            3,
            4,
            5,
            6,
            7,
            8,
            9,
            10,
            11,
            12,
            13,
            14,
            15,
            16,
            17,
            18,
            19,
            20,
            21,
            22,
            23,
            24,
            25,
            26,
            27,
            28,
            29,
            30,
            31,
            32,
            33,
            34,
            35,
            36,
            37,
            38,
            39,
            40,
            41,
            42,
            43,
            44,
            45,
            46,
            47,
            48,
            49,
            50,
            51,
            52,
            53,
            54,
            55,
            56,
            57,
            58,
            59,
            60,
            61,
            62,
            63,
            64,
            65,
            66,
            67,
            68,
            69,
            70,
            71,
            72,
            73,
            74,
            75,
            76,
            77,
            78,
            79,
            80,
            81,
            82,
            83,
            84,
            85,
            86,
            87,
            88,
            89,
            90,
            91,
            92,
            93,
            94,
            95,
            96,
            97,
            98,
            99,
            100
        ],
        "lr_sched_factors": [
            0.1,
            0.2,
            0.3,
            0.4,
            0.5,
            0.6,
            0.7,
            0.8,
            0.9,
            1.0,
            1.0,
            1.0,
            1.0,
            1.0,
            1.0,
            1.0,
            1.0,
            1.0,
            1.0,
            1.0,
            1.0,
            1.0,
            1.0,
            1.0,
            1.0,
            1.0,
            1.0,
            1.0,
            1.0,
            1.0,
            1.0,
            1.0,
            1.0,
            1.0,
            1.0,
            1.0,
            1.0,
            1.0,
            1.0,
            1.0,
            1.0,
            1.0,
            1.0,
            1.0,
            1.0,
            1.0,
            1.0,
            1.0,
            1.0,
            1.0,
            1.0,
            1.0,
            1.0,
            1.0,
            1.0,
            1.0,
            1.0,
            1.0,
            1.0,
            1.0,
            1.0,
            1.0,
            1.0,
            1.0,
            1.0,
            1.0,
            1.0,
            1.0,
            1.0,
            1.0,
            1.0,
            1.0,
            1.0,
            1.0,
            1.0,
            1.0,
            1.0,
            1.0,
            1.0,
            1.0,
            1.0,
            1.0,
            1.0,
            1.0,
            1.0,
            1.0,
            1.0,
            1.0,
            1.0,
            1.0,
            0.9090909090909091,
            0.8181818181818181,
            0.7272727272727273,
            0.6363636363636364,
            0.5454545454545454,
            0.4545454545454546,
            0.36363636363636365,
            0.2727272727272727,
            0.18181818181818177,
            0.09090909090909094
        ]
    },
    "train_losses": [
        355.9654976981027,
        141.92849949428015,
        160.48648071289062,
        106.57274954659599,
        114.96172768729073,
        117.8660387311663,
        110.82125854492188,
        107.85316140311105,
        103.31068311418805,
        98.42397635323661,
        93.92886461530414,
        92.00025068010602,
        91.40518515450614,
        90.8060542515346,
        90.29949406215123,
        89.83977944510323,
        86.75255693708148,
        86.6506827218192,
        86.59822627476284,
        86.47605895996094,
        86.361570085798,
        86.19109344482422,
        86.08096313476562,
        85.99578857421875,
        85.54180472237724,
        85.50513894217355,
        85.51478685651507,
        85.45282200404576,
        85.39730834960938,
        85.2838875906808,
        85.2283913748605,
        85.1941386631557,
        84.95626177106585,
        84.94693320138114,
        84.98124694824219,
        84.94124603271484,
        84.90519714355469,
        84.8089348929269,
        84.76854923793248,
        84.74784524100167,
        84.6267318725586,
        84.64351000104632,
        84.69952283586774,
        84.67787715366909,
        84.65791320800781,
        84.57608250209263,
        84.54890659877232,
        84.54073115757534,
        84.52292306082589,
        84.54638017926898,
        84.60820988246373,
        84.59175109863281,
        84.57665034702846,
        84.49939509800502,
        84.47655705043248,
        84.47256796700614,
        84.46449497767857,
        84.46261814662388,
        84.46464211600167,
        84.5586166381836,
        84.54932512555804,
        84.53582981654576,
        84.46104104178292,
        84.43927546909877,
        84.43623679024833,
        84.45432717459542,
        84.47957938058036,
        84.54315839494977,
        84.52842821393695,
        84.51498086111886,
        84.43929399762835,
        84.41797855922154,
        84.41544669015067,
        84.43774850027901,
        84.46343231201172,
        84.52743748256138,
        84.51305389404297,
        84.49993678501674,
        84.42455727713448,
        84.40355028424945,
        84.4013181413923,
        84.42630004882812,
        84.45217459542411,
        84.51637268066406,
        84.50217546735492,
        84.48924473353794,
        84.4140396118164,
        84.3932113647461,
        84.39114597865513,
        84.41773986816406,
        84.44373866489956,
        84.50806100027901,
        84.47782135009766,
        84.43986402239118,
        84.38990565708706,
        84.38352748325893,
        84.38322448730469,
        84.39351981026786,
        84.38538796561105,
        84.39871651785714,
        84.38367462158203
    ],