{
    "testproblem": "quadratic_deep",
    "batch_size": 128,
    "num_epochs": 100,
    "random_seed": 50,
    "l2_reg": null,
    "optimizer_name": "LookaheadOptimizerMBGDMomentum",
    "optimizer_hyperparams": {
        "learning_rate": 0.002023778954048507,
        "momentum": 0.9808673160454735,
        "use_nesterov": false,
        "k": 8,
        "alpha": 0.2388555817868857,
        "use_locking": false
    },
    "training_params": {
        "lr_sched_epochs": null,
        "lr_sched_factors": null
    },
    "train_losses": [
        354.67714146205356,
        142.8243691580636,
        260.99453517368863,
        106.51651872907367,
        102.02117592947823,
        100.35513414655414,
        99.47947583879743,
        98.70703451974052,
        92.47715214320591,
        91.77137429373605,
        91.25667898995536,
        90.77590070452008,
        90.40262821742466,
        90.01672908238002,
        89.67785099574498,
        89.3630861554827,
        87.31179809570312,
        87.18058122907367,
        87.07437787737165,
        86.9586159842355,
        86.89410182407924,
        86.7893796648298,
        86.7116949898856,
        86.64473179408482,
        86.50054386683873,
        86.14026641845703,
        86.15206691196987,
        86.0931374686105,
        86.023681640625,
        86.00662558419364,
        85.94770159040179,
        85.91263689313617,
        85.88554164341518,
        85.76905386788505,
        85.71292441231864,
        85.67761775425502,
        85.62935965401786,
        85.62867518833706,
        85.58452388218471,
        85.56377301897321,
        85.55005645751953,
        85.5511474609375,
        85.51134272984096,
        85.4895760672433,
        85.45292336600167,
        85.46270860944476,
        85.42803955078125,
        85.41616494315011,
        85.41095188685826,
        85.47986275809151,
        85.44370378766742,
        85.42515999930245,
        85.39139883858817,
        85.40399605887276,
        85.37197004045758,
        85.36266544886998,
        85.35994066510882,
        85.44623783656529,
        85.41094098772321,
        85.39322662353516,
        85.36025565011161,
        85.3736332484654,
        85.34235273088727,
        85.33377729143415,
        85.33175332205636,
        85.42368534633091,
        85.38897487095424,
        85.37181963239398,
        85.33936636788505,
        85.35322679792132,
        85.32239968436105,
        85.31427219935826,
        85.3126722063337,
        85.40846034458706,
        85.37406376429966,
        85.35721806117466,
        85.3250710623605,
        85.33921486990792,
        85.30865914481026,
        85.3008063180106,
        85.29947226388114,
        85.3976582118443,
        85.3634262084961,
        85.34674290248326,
        85.3147691999163,
        85.3290786743164,
        85.29869079589844,
        85.29099709647042,
        85.28982325962612,
        85.38951873779297,
        85.35539899553571,
        85.33882250104632,
        85.30696323939732,
        85.32138061523438,
        85.29110826764789,
        85.28352464948382,
        85.28245653424945,
        85.38319832938058,
        85.34916251046317,
        85.33266339983258,
        85.30087716238839
    ],
    "valid_losses": [
        353.8127659388951,
        143.98074558803015,
        262.0376935686384,
        106.51526968819755,
        102.49504634312221,
        100.5447028023856,
        99.73779732840401,
        98.97586495535714,
        92.80369894845145,
        92.1356430053711,
        91.56947108677456,
        91.11861092703683,
        90.85867091587612,
        90.37034497942243,
        90.05896105085101,
        89.74846649169922,
        87.71419307163784,
        87.61250850132534,
        87.46520887102399,
        87.37564086914062,
        87.42383902413505,
        87.21387699672154,
        87.16122872488839,
        87.09597560337612,
        86.9495849609375,
        86.60018593924386,
        86.6466533115932,
        86.51216561453683,
        86.47789546421596,
        86.56780351911273,
        86.40316990443638,
        86.39072636195591,
        86.36325291224888,
        86.21634674072266,
        86.18664005824498,
        86.10747964041573,
        86.08270699637276,
        86.19208744594029,
        86.04001290457589,
        86.0415507725307,
        86.02671160016742,
        85.9902572631836,
        85.97732107979911,
        85.91184343610492,
        85.8988287789481,
        86.0187236240932,
        85.87612806047711,
        85.88649531773159,
        85.88008880615234,
        85.91083417619977,
        85.90189470563617,
        85.83993312290737,
        85.8300530569894,
        85.9529549734933,
        85.81317683628627,
        85.82626451764789,
        85.82248251778739,
        85.8721204485212,
        85.86424800327846,
        85.80330548967633,
        85.79436928885323,
        85.91820853097099,
        85.77930886404855,
        85.79328046526227,
        85.79034205845424,
        85.84708186558315,
        85.83988080705915,
        85.77956717354911,
        85.77123369489398,
        85.89563424246651,
        85.7572740827288,
        85.77177429199219,
        85.76934378487724,
        85.830812726702,
        85.8239495413644,
        85.76397051130023,
        85.75596836635044,
        85.8806882585798,
        85.74264090401786,
        85.7574484688895,
        85.7553242274693,
        85.81960187639508,
        85.81289890834263,
        85.75308881487165,
        85.74527086530414,
        85.8701651436942,
        85.73229871477399,
        85.74728066580636,
        85.74533408028739,
        85.81127384730748,
        85.80468423025948,
        85.74498530796596,
        85.73727634974888,
        85.86228615897042,
        85.72453308105469,
        85.73963274274554,
        85.73779841831752,
        85.8048346383231,
        85.79832240513393,
        85.73869977678571,
        85.73107038225446
    ],