{
    "testproblem": "quadratic_deep",
    "batch_size": 128,
    "num_epochs": 100,
    "random_seed": 47,
    "l2_reg": null,
    "optimizer_name": "LookaheadOptimizerMBGDMomentum",
    "optimizer_hyperparams": {
        "learning_rate": 0.002023778954048507,
        "momentum": 0.9808673160454735,
        "use_nesterov": false,
        "k": 8,
        "alpha": 0.2388555817868857,
        "use_locking": false
    },
    "training_params": {
        "lr_sched_epochs": null,
        "lr_sched_factors": null
    },
    "train_losses": [
        352.27917916434154,
        142.47108677455358,
        253.7823965890067,
        106.18593161446708,
        101.50939832414899,
        100.15650394984654,
        99.18379756382534,
        98.4341288975307,
        92.17088099888393,
        91.66016496930804,
        91.00342123849052,
        90.57000732421875,
        90.15257917131696,
        89.81460571289062,
        89.46028682163784,
        89.14477648053851,
        87.09961482456752,
        87.06975991385323,
        86.84410967145648,
        86.76076943533761,
        86.65459660121373,
        86.5957510811942,
        86.5015378679548,
        86.43271854945591,
        86.10707528250558,
        86.12367466517857,
        85.9433114188058,
        85.90469469342914,
        85.84206717354911,
        85.82532828194755,
        85.77145821707589,
        85.74053955078125,
        85.61071341378349,
        85.65210941859654,
        85.49431392124721,
        85.47566332135882,
        85.4309310913086,
        85.43028368268695,
        85.39104352678571,
        85.37363542829242,
        85.3605477469308,
        85.42031751360211,
        85.27826472691127,
        85.27291761125836,
        85.24002075195312,
        85.25015912737165,
        85.22096252441406,
        85.21309770856585,
        85.27765328543526,
        85.34200722830636,
        85.20411573137555,
        85.20242418561664,
        85.17298562186105,
        85.1864515032087,
        85.16043417794364,
        85.15562874930245,
        85.14762333461216,
        85.16833823067802,
        85.22869982038226,
        85.16077205113002,
        85.16401018415179,
        85.13729749407086,
        85.15172031947544,
        85.12637002127511,
        85.12237875802177,
        85.21549878801618,
        85.28126743861607,
        85.14496285574776,
        85.14474923270089,
        85.11672864641461,
        85.13159070696149,
        85.10691833496094,
        85.10340227399554,
        85.20019640241351,
        85.26651545933315,
        85.13040815080915,
        85.13049425397601,
        85.10275704520089,
        85.11789158412388,
        85.09348406110492,
        85.09023175920758,
        85.18941933768136,
        85.25591823032924,
        85.11996241978237,
        85.12021854945591,
        85.09264155796596,
        85.10793740408761,
        85.0836933680943,
        85.08060128348214,
        85.18128858293805,
        85.2479019165039,
        85.11205727713448,
        85.11242130824498,
        85.08495657784599,
        85.1003668648856,
        85.07622746058873,
        85.073244367327,
        85.1749747140067,
        85.24166434151786,
        85.10590035574776,
        85.10634068080357
    ],
    "valid_losses": [
        353.8127659388951,
        142.71819850376673,
        253.4445059640067,
        106.49782344273159,
        101.97018759591239,
        100.6879653930664,
        99.71918596540179,
        98.9635979788644,
        92.69923509870257,
        92.23395320347377,
        91.54971095493862,
        91.1423808506557,
        90.69738660539899,
        90.40287344796317,
        90.04383414132255,
        89.72581154959542,
        87.69677734375,
        87.70047869001117,
        87.44327981131417,
        87.3825432913644,
        87.24696350097656,
        87.22987801688058,
        87.12948826381138,
        87.05675833565849,
        86.73254285539899,
        86.7810777936663,
        86.56770542689732,
        86.55036163330078,
        86.45706503731864,
        86.48086765834263,
        86.41961669921875,
        86.3835678100586,
        86.24279894147601,
        86.31558227539062,
        86.12424142020089,
        86.1263177054269,
        86.05036054338727,
        86.08966827392578,
        86.04243796212333,
        86.01925332205636,
        85.98885345458984,
        86.08003234863281,
        85.90441240583148,
        85.9197256905692,
        85.85549817766461,
        85.90545872279576,
        85.86809757777623,
        85.85427420479911,
        85.89973667689732,
        85.99569266183036,
        85.82438550676618,
        85.84346989222935,
        85.78278350830078,
        85.83613041469029,
        85.802004132952,
        85.79127284458706,
        85.77881949288505,
        85.79919760567802,
        85.87810625348773,
        85.77857644217355,
        85.7992412022182,
        85.74224635532924,
        85.79651641845703,
        85.76326424734933,
        85.75342341831752,
        85.82890864780971,
        85.92665536063058,
        85.75719451904297,
        85.7780009678432,
        85.71894945417132,
        85.77389744349888,
        85.74130575997489,
        85.73206329345703,
        85.81222534179688,
        85.91048104422433,
        85.74124581473214,
        85.76238359723773,
        85.70365905761719,
        85.75892639160156,
        85.72664969308036,
        85.71771894182477,
        85.80077253069196,
        85.89921460832868,
        85.7301504952567,
        85.75147465297154,
        85.69293103899274,
        85.74838147844586,
        85.71629006522042,
        85.70754132952008,
        85.79233006068638,
        85.89088439941406,
        85.72193690708706,
        85.74337441580636,
        85.68494851248605,
        85.74051557268415,
        85.70854078020368,
        85.69990539550781,
        85.78582654680524,
        85.88445063999721,
        85.71558598109654,
        85.73709651402065
    ],