{
    "testproblem": "quadratic_deep",
    "batch_size": 128,
    "num_epochs": 100,
    "random_seed": 49,
    "l2_reg": null,
    "optimizer_name": "LookaheadOptimizerMBGDMomentum",
    "optimizer_hyperparams": {
        "learning_rate": 0.002023778954048507,
        "momentum": 0.9808673160454735,
        "use_nesterov": false,
        "k": 8,
        "alpha": 0.2388555817868857,
        "use_locking": false
    },
    "training_params": {
        "lr_sched_epochs": null,
        "lr_sched_factors": null
    },
    "train_losses": [
        353.03431919642856,
        142.03278459821428,
        252.74029541015625,
        106.66256604875836,
        101.43746621268136,
        100.09492492675781,
        99.17646898542132,
        98.42521667480469,
        92.17814527239118,
        91.5899429321289,
        91.02881186349052,
        90.58702632359096,
        90.21935272216797,
        89.83528137207031,
        89.47591400146484,
        89.16702052525112,
        87.14510563441685,
        87.0542973109654,
        86.88822719029018,
        86.79671369280133,
        86.73650905064174,
        86.63146209716797,
        86.53133283342633,
        86.46831512451172,
        86.1599600655692,
        86.11621638706752,
        85.99540383475167,
        85.94796207972935,
        85.93067823137555,
        85.86759403773716,
        85.8074482509068,
        85.78193991524833,
        85.66681671142578,
        85.64790562220982,
        85.54928370884487,
        85.52172960553851,
        85.522214617048,
        85.47509438650948,
        85.42945970807757,
        85.41733769008091,
        85.41815403529576,
        85.4174336024693,
        85.33417510986328,
        85.32001495361328,
        85.33238547188895,
        85.2959703717913,
        85.26034109933036,
        85.25775691441127,
        85.24433353969029,
        85.22600555419922,
        85.32021767752511,
        85.25270407540458,
        85.24241856166294,
        85.2597154889788,
        85.22691018240792,
        85.19495391845703,
        85.19559914725167,
        85.29658835274833,
        85.30115836007255,
        85.22289058140346,
        85.21343994140625,
        85.23028891427177,
        85.19808741978237,
        85.16653769356864,
        85.16788373674665,
        85.27441733224052,
        85.27960750034877,
        85.20181274414062,
        85.19286128452846,
        85.21016584123883,
        85.17842320033482,
        85.14730616978237,
        85.14907509940011,
        85.25941249302456,
        85.26493181501117,
        85.18744877406529,
        85.17877960205078,
        85.19635990687779,
        85.16488974434989,
        85.13403647286552,
        85.1360615321568,
        85.24875858851841,
        85.25446319580078,
        85.17714582170758,
        85.16864231654576,
        85.1863784790039,
        85.15506635393415,
        85.12437220982143,
        85.12655203683036,
        85.24073246547154,
        85.24655369349888,
        85.16935294015067,
        85.16095733642578,
        85.17879704066685,
        85.14759826660156,
        85.11700657435826,
        85.11929321289062,
        85.23450796944755,
        85.2404065813337,
        85.1632799421038,
        85.15496281215123
    ],
    "valid_losses": [
        353.8127659388951,
        142.61800493512834,
        252.9533473423549,
        107.10901750837054,
        102.01186697823661,
        100.55499485560826,
        99.71697998046875,
        98.96646663120815,
        92.69516972133091,
        92.12304142543248,
        91.59522465297154,
        91.21559797014508,
        90.79107775006976,
        90.35701097760882,
        90.0569839477539,
        89.75033351353237,
        87.71018872942243,
        87.62240600585938,
        87.49139840262276,
        87.45858437674386,
        87.34089769635882,
        87.18437739780971,
        87.14243643624442,
        87.08047267368862,
        86.74160548618862,
        86.69967106410435,
        86.61279841831752,
        86.62303052629743,
        86.54729243687221,
        86.4317855834961,
        86.42888532366071,
        86.40346963065011,
        86.24815259660993,
        86.23069981166294,
        86.16565813337054,
        86.19541713169643,
        86.13707188197544,
        86.03712572370257,
        86.04830169677734,
        86.03582545689174,
        85.99198804582868,
        85.99283163888114,
        85.94322858537946,
        85.98640986851284,
        85.93994031633649,
        85.85066332135882,
        85.87179565429688,
        85.86878095354352,
        85.84453909737724,
        85.81397683279855,
        85.9036614554269,
        85.84495108468192,
        85.90191977364677,
        85.85780770438058,
        85.77356828962054,
        85.79824720110211,
        85.7986330304827,
        85.85587419782367,
        85.8622807094029,
        85.81807381766183,
        85.86626434326172,
        85.8245827811105,
        85.73978533063617,
        85.76524897984096,
        85.76641082763672,
        85.8302481515067,
        85.83753204345703,
        85.7938722882952,
        85.84268624441964,
        85.80154745919364,
        85.7173080444336,
        85.74329485212054,
        85.74497331891742,
        85.81356920514789,
        85.82123129708427,
        85.77792249407086,
        85.82706778390067,
        85.78624616350446,
        85.70232827322823,
        85.72863333565849,
        85.73062351771763,
        85.80211966378349,
        85.80997576032367,
        85.76684897286552,
        85.81617845807757,
        85.77552904401507,
        85.6917953491211,
        85.71828351702008,
        85.72045026506696,
        85.7936771937779,
        85.80164882114956,
        85.75863756452289,
        85.80807931082589,
        85.76754324776786,
        85.68392617361886,
        85.7105222429548,
        85.71281215122768,
        85.78715297154018,
        85.79520089285714,
        85.75226593017578,
        85.80178506033761
    ],