{
    "testproblem": "quadratic_deep",
    "batch_size": 128,
    "num_epochs": 100,
    "random_seed": 48,
    "l2_reg": null,
    "optimizer_name": "LookaheadOptimizerMBGDMomentum",
    "optimizer_hyperparams": {
        "learning_rate": 0.002023778954048507,
        "momentum": 0.9808673160454735,
        "use_nesterov": false,
        "k": 8,
        "alpha": 0.2388555817868857,
        "use_locking": false
    },
    "training_params": {
        "lr_sched_epochs": null,
        "lr_sched_factors": null
    },
    "train_losses": [
        353.4622497558594,
        142.1088126046317,
        257.20149666922435,
        106.39640481131417,
        101.4082521711077,
        100.08628845214844,
        99.10594940185547,
        98.35465676443917,
        96.59218161446708,
        94.93183135986328,
        89.68781280517578,
        89.40257917131696,
        89.06905038016183,
        88.80247715541294,
        88.50839669363839,
        88.28637041364398,
        88.03454262869698,
        87.8294427054269,
        86.6179700578962,
        86.56213487897601,
        86.43949781145368,
        86.37923213413784,
        86.27474757603237,
        86.22870635986328,
        86.14386967250279,
        86.09739140101841,
        85.89159720284599,
        85.86032213483539,
        85.76332528250558,
        85.72924913678851,
        85.65087563650948,
        85.62993948800224,
        85.5688247680664,
        85.5442363194057,
        85.46180289132255,
        85.45653969900948,
        85.38212367466518,
        85.36774553571429,
        85.30660465785435,
        85.30113656180245,
        85.2540751865932,
        85.24258095877511,
        85.21485573904855,
        85.16567557198661,
        85.24739292689732,
        85.20152936662946,
        85.20028468540737,
        85.15344783238002,
        85.1579088483538,
        85.11876787458148,
        85.11511775425502,
        85.2090094430106,
        85.22022574288505,
        85.16021728515625,
        85.15848759242466,
        85.1085957118443,
        85.11371394566127,
        85.07653699602399,
        85.07451847621373,
        85.17966788155692,
        85.19169507707868,
        85.13228498186383,
        85.13119615827289,
        85.08195059640067,
        85.08769226074219,
        85.05109405517578,
        85.04964556012835,
        85.15970066615513,
        85.17223576136998,
        85.11329977852958,
        85.11263602120536,
        85.06380680629185,
        85.0699462890625,
        85.03373282296317,
        85.03265489850726,
        85.14612688337054,
        85.1589115687779,
        85.10021645682198,
        85.09978703090123,
        85.0511975969587,
        85.05756596156529,
        85.0215824672154,
        85.0207279750279,
        85.1362784249442,
        85.14920370919364,
        85.0906513759068,
        85.09036363874164,
        85.0419202532087,
        85.04842921665737,
        85.01258523123605,
        85.01188114711216,
        85.12876238141742,
        85.14178793770927,
        85.08334350585938,
        85.08315059116909,
        85.03480529785156,
        85.04140799386161,
        85.00566864013672,
        85.00505937848773,
        85.12288665771484,
        85.135984148298
    ],
    "valid_losses": [
        353.8127659388951,
        143.24258422851562,
        258.00030299595426,
        106.72212546212333,
        102.1305683680943,
        100.63379015241351,
        99.7201657976423,
        98.97301810128349,
        97.22023664202008,
        95.57270050048828,
        90.36748395647321,
        90.08775656563895,
        89.74391610281808,
        89.46332659040179,
        89.24777221679688,
        88.94207000732422,
        88.72781590053013,
        88.52315085274833,
        87.32643127441406,
        87.28508540562221,
        87.15148816789899,
        87.07545471191406,
        87.04665919712612,
        86.91597529820034,
        86.86724199567523,
        86.81985364641461,
        86.61508614676339,
        86.59725407191685,
        86.48839460100446,
        86.43764386858258,
        86.43409511021206,
        86.32764325823102,
        86.30175236293248,
        86.27534593854632,
        86.18488202776227,
        86.19286237444196,
        86.10635484967914,
        86.07505144391742,
        86.0884530203683,
        85.99715641566685,
        85.98496682303292,
        85.97129167829242,
        85.94078281947544,
        85.8927753993443,
        85.97451782226562,
        85.91979871477399,
        85.8988015311105,
        85.92929186139789,
        85.84708404541016,
        85.8430677141462,
        85.83719635009766,
        85.91919708251953,
        85.94408634730748,
        85.8721923828125,
        85.85376957484654,
        85.87854875837054,
        85.79794529506138,
        85.79571533203125,
        85.79157148088727,
        85.88573128836495,
        85.91147940499442,
        85.84037017822266,
        85.82266453334263,
        85.84820447649274,
        85.76831163678851,
        85.76675742013114,
        85.76326751708984,
        85.86327689034599,
        85.8895983014788,
        85.81902095249721,
        85.8018057686942,
        85.82782636369977,
        85.74839237758091,
        85.74728611537388,
        85.74423435756138,
        85.84832109723773,
        85.87492261614118,
        85.80462210518974,
        85.7876695905413,
        85.81396048409599,
        85.73479679652623,
        85.73395429338727,
        85.73117174421039,
        85.83771732875279,
        85.86447579520089,
        85.79432787214007,
        85.77753666469029,
        85.80398668561664,
        85.72498430524554,
        85.72430310930524,
        85.72168077741351,
        85.82977403913226,
        85.85662950788226,
        85.78658839634487,
        85.76990182059151,
        85.79646301269531,
        85.71756199428013,
        85.7169908796038,
        85.71447644914899,
        85.82360185895648,
        85.8505358014788
    ],