{
    "testproblem": "quadratic_deep",
    "batch_size": 128,
    "num_epochs": 100,
    "random_seed": 46,
    "l2_reg": null,
    "optimizer_name": "LookaheadOptimizerMBGDMomentum",
    "optimizer_hyperparams": {
        "learning_rate": 0.002023778954048507,
        "momentum": 0.9808673160454735,
        "use_nesterov": false,
        "k": 8,
        "alpha": 0.2388555817868857,
        "use_locking": false
    },
    "training_params": {
        "lr_sched_epochs": null,
        "lr_sched_factors": null
    },
    "train_losses": [
        354.0567539760045,
        140.53250340053015,
        258.6919642857143,
        106.11941419328961,
        101.00706263950893,
        99.49513244628906,
        98.57673645019531,
        97.82869720458984,
        96.06541660853794,
        90.24837711879185,
        89.84010205950055,
        89.36273738316127,
        89.02271597726005,
        88.67657797677177,
        88.3807612827846,
        88.10230909075055,
        87.84454999651227,
        86.28562382289341,
        86.23569052559989,
        86.04901559012276,
        85.98728615897042,
        85.87433297293526,
        85.80419267926898,
        85.73665945870536,
        85.67888532366071,
        85.45093754359654,
        85.43396650041852,
        85.28063419886998,
        85.25218309674945,
        85.17203739711216,
        85.13386535644531,
        85.09668840680804,
        85.06712886265346,
        85.00776018415179,
        84.82753535679409,
        84.90686362130302,
        84.8111343383789,
        84.80719321114677,
        84.76071275983539,
        84.73979731968471,
        84.71842411586216,
        84.7038094656808,
        84.68035561697823,
        84.6282708304269,
        84.72206769670758,
        84.6383547101702,
        84.64500754220145,
        84.60807037353516,
        84.59583391462054,
        84.58270045689174,
        84.5759996686663,
        84.57047489711216,
        84.56975446428571,
        84.66578783307757,
        84.58411407470703,
        84.59272875104632,
        84.55770874023438,
        84.54728371756417,
        84.53594425746373,
        84.53097098214286,
        84.65713609967914,
        84.68643188476562,
        84.5731680733817,
        84.58020782470703,
        84.53182547433036,
        84.52229418073382,
        84.51178741455078,
        84.50740487234933,
        84.63780103410993,
        84.66797201974052,
        84.55513545445034,
        84.56260136195591,
        84.51463099888393,
        84.50548444475446,
        84.49533952985492,
        84.49129704066685,
        84.62486812046596,
        84.65526471819196,
        84.54266575404576,
        84.55037035260882,
        84.50261470249721,
        84.49368177141461,
        84.48374938964844,
        84.47991943359375,
        84.61541530064174,
        84.64595249720982,
        84.53348977225167,
        84.54132952008929,
        84.49370683942523,
        84.48491450718471,
        84.47511291503906,
        84.47141592843192,
        84.47259739467076,
        84.49244798932757,
        84.5901107788086,
        84.51008714948382,
        84.52023206438336,
        84.48665291922433,
        84.47764805385044,
        84.46766444614956,
        84.46401868547711
    ],
    "valid_losses": [
        353.8127659388951,
        142.3671591622489,
        260.79566083635603,
        107.3027093069894,
        102.3567875453404,
        100.62254769461495,
        99.75946698869977,
        99.00342886788505,
        97.20707048688617,
        91.44632175990513,
        90.9190444946289,
        90.5452161516462,
        90.32207489013672,
        89.9310531616211,
        89.61890302385602,
        89.35947636195591,
        89.08978816441127,
        87.36697932652065,
        87.38943372453961,
        87.23961966378349,
        87.33307865687779,
        87.16161237444196,
        87.07837350027901,
        87.02748652866909,
        86.95660727364677,
        86.55213819231305,
        86.60591234479632,
        86.48853410993304,
        86.61415645054409,
        86.47454180036273,
        86.42229570661273,
        86.40079389299665,
        86.35714394705636,
        86.25323159354073,
        86.07691846575055,
        86.04516928536552,
        86.04853820800781,
        86.1610859462193,
        86.06675393240792,
        86.02706146240234,
        86.02193668910435,
        85.99261910574776,
        85.92332240513393,
        85.87091718401227,
        85.85359627859933,
        85.86913408551898,
        85.99227469308036,
        85.90750558035714,
        85.87644849504743,
        85.87951551164899,
        85.85804748535156,
        85.80652727399554,
        85.80523245675224,
        85.79036276681083,
        85.80812399727958,
        85.93338557652065,
        85.85066332135882,
        85.82154628208706,
        85.82650538853237,
        85.80687168666294,
        85.74159240722656,
        85.84215000697544,
        85.76465497698102,
        85.92574855259487,
        85.81767163957868,
        85.79381234305245,
        85.79865046909877,
        85.77978951590401,
        85.72015271868024,
        85.82123347691127,
        85.74442836216518,
        85.90594700404576,
        85.79838562011719,
        85.77497100830078,
        85.78023856026786,
        85.76180267333984,
        85.70608738490513,
        85.80743081229073,
        85.73089599609375,
        85.89267403738839,
        85.78536987304688,
        85.76221139090401,
        85.76773289271763,
        85.74954550606864,
        85.69616808210101,
        85.7976542881557,
        85.7212633405413,
        85.88319941929409,
        85.77603803362165,
        85.75303104945591,
        85.75869750976562,
        85.74066816057477,
        85.69677189418248,
        85.71931675502232,
        85.7064961024693,
        85.72607094900948,
        85.85312870570591,
        85.77207401820591,
        85.74461037772042,
        85.75116620744977,
        85.73309653145927
    ],