{
    "testproblem": "quadratic_deep",
    "batch_size": 128,
    "num_epochs": 100,
    "random_seed": 43,
    "l2_reg": null,
    "optimizer_name": "LookaheadOptimizerMBGDMomentum",
    "optimizer_hyperparams": {
        "learning_rate": 0.002023778954048507,
        "momentum": 0.9808673160454735,
        "use_nesterov": false,
        "k": 8,
        "alpha": 0.2388555817868857,
        "use_locking": false
    },
    "training_params": {
        "lr_sched_epochs": null,
        "lr_sched_factors": null
    },
    "train_losses": [
        353.2813415527344,
        142.0670928955078,
        259.23123604910717,
        105.71769278390067,
        101.09848894391742,
        99.53178187779018,
        98.70120239257812,
        97.93724822998047,
        91.67478397914341,
        91.14576939174107,
        90.51528603690011,
        90.05994415283203,
        89.63191986083984,
        89.27316175188336,
        88.94153594970703,
        88.62953513009208,
        86.53481074741909,
        86.56156921386719,
        86.35155923025948,
        86.25864955357143,
        86.13874925885882,
        86.05990600585938,
        85.98776572091239,
        85.92232622419085,
        85.54516492571149,
        85.6191656930106,
        85.45443943568638,
        85.40586635044643,
        85.32930646623883,
        85.29258946010044,
        85.26058306012835,
        85.23285675048828,
        85.05037580217633,
        85.14928327287946,
        85.00688934326172,
        84.97826603480748,
        84.91945212227958,
        84.89878191266742,
        84.88138471330915,
        84.86714499337333,
        84.8012945992606,
        84.91853877476284,
        84.79164014543805,
        84.77640424455915,
        84.72933741978237,
        84.71940285818917,
        84.71205030168805,
        84.70736585344586,
        84.7191140311105,
        84.8408704485212,
        84.71800449916294,
        84.70647648402623,
        84.66284724644252,
        84.65619223458427,
        84.65201786586216,
        84.65038953508649,
        84.68358721051898,
        84.80622972760882,
        84.68424660818917,
        84.6736068725586,
        84.63086046491351,
        84.62504032679966,
        84.6216790335519,
        84.62083653041294,
        84.66010066441127,
        84.78336334228516,
        84.66194588797433,
        84.65184238978794,
        84.60961260114398,
        84.60426984514508,
        84.60135759626117,
        84.60095650809151,
        84.64422498430524,
        84.76784951346261,
        84.64676666259766,
        84.63697814941406,
        84.59505462646484,
        84.59000287737165,
        84.58737291608539,
        84.58724648611886,
        84.58431570870536,
        84.61229269845145,
        84.69565037318638,
        84.63971492222377,
        84.62284415108817,
        84.5831069946289,
        84.57850755964007,
        84.57602909633091,
        84.57606288364956,
        84.62366485595703,
        84.74750736781529,
        84.62679944719586,
        84.61735098702567,
        84.57572065080915,
        84.57096753801618,
        84.56862967354911,
        84.56880296979632,
        84.61739676339286,
        84.74142129080636,
        84.6207297188895,
        84.61131613595145
    ],
    "valid_losses": [
        353.8127659388951,
        143.63900320870536,
        260.62926592145647,
        106.54389299665179,
        102.21223994663784,
        100.5446047101702,
        99.72086879185268,
        98.97033037458148,
        92.82952880859375,
        92.24352700369698,
        91.63842337472099,
        91.15941619873047,
        90.70931897844586,
        90.39656611851284,
        90.03589957101005,
        89.73508998325893,
        87.74557495117188,
        87.703125,
        87.52608054024833,
        87.40584455217633,
        87.26373291015625,
        87.22893851143974,
        87.12617492675781,
        87.0702383858817,
        86.78107234409877,
        86.78429085867745,
        86.65104348318917,
        86.57378496442523,
        86.47370910644531,
        86.47977665492466,
        86.41587393624442,
        86.3963623046875,
        86.28888048444476,
        86.3165751865932,
        86.20523398263114,
        86.14746529715401,
        86.06465257917132,
        86.08624594552177,
        86.03639439174107,
        86.029782976423,
        86.03312465122768,
        86.07930428641183,
        85.98353794642857,
        85.93919045584542,
        85.8681139264788,
        85.90038081577846,
        85.86048889160156,
        85.86332702636719,
        85.94328853062221,
        85.99422781808036,
        85.90270015171596,
        85.8622305733817,
        85.7947246006557,
        85.83038330078125,
        85.79376438685826,
        85.79974692208427,
        85.9021246773856,
        85.95413316999164,
        85.86364637102399,
        85.82421003069196,
        85.75771222795758,
        85.7943344116211,
        85.75864846365792,
        85.76553889683315,
        85.87520926339286,
        85.9279294695173,
        85.83810315813336,
        85.7992913382394,
        85.73339298793248,
        85.77057647705078,
        85.73543330601284,
        85.7428479875837,
        85.85742514474052,
        85.91055406842914,
        85.82110268729073,
        85.78264617919922,
        85.71710314069476,
        85.75463213239398,
        85.71982138497489,
        85.72756958007812,
        85.74179404122489,
        85.76314326695034,
        85.83013698032924,
        85.81304386683873,
        85.76970672607422,
        85.70432499476841,
        85.74232482910156,
        85.70751517159599,
        85.71544538225446,
        85.83512660435268,
        85.88847896030971,
        85.7994613647461,
        85.76138087681362,
        85.69617462158203,
        85.73403058733258,
        85.69955335344586,
        85.70763506208148,
        85.82849775041852,
        85.88204302106585,
        85.79300907679966,
        85.75496237618583
    ],