{
    "testproblem": "quadratic_deep",
    "batch_size": 128,
    "num_epochs": 100,
    "random_seed": 50,
    "l2_reg": null,
    "optimizer_name": "LookaheadOptimizerMBGDMomentum",
    "optimizer_hyperparams": {
        "learning_rate": 0.002023778954048507,
        "momentum": 0.9808673160454735,
        "use_nesterov": false,
        "k": 8,
        "alpha": 0.2388555817868857,
        "use_locking": false
    },
    "training_params": {
        "lr_sched_epochs": [
            1,
            2,
            3,
            4,
            5,
            6,
            7,
            8,
            9,
            10,
            11,
            12,
            13,
            14,
            15,
            16,
            17,
            18,
            19,
            20,
            21,
            22,
            23,
            24,
            25,
            26,
            27,
            28,
            29,
            30,
            31,
            32,
            33,
            34,
            35,
            36,
            37,
            38,
            39,
            40,
            41,
            42,
            43,
            44,
            45,
            46,
            47,
            48,
            49,
            50,
            51,
            52,
            53,
            54,
            55,
            56,
            57,
            58,
            59,
            60,
            61,
            62,
            63,
            64,
            65,
            66,
            67,
            68,
            69,
            70,
            71,
            72,
            73,
            74,
            75,
            76,
            77,
            78,
            79,
            80,
            81,
            82,
            83,
            84,
            85,
            86,
            87,
            88,
            89,
            90,
            91,
            92,
            93,
            94,
            95,
            96,
            97,
            98,
            99,
            100
        ],
        "lr_sched_factors": [
            0.1,
            0.2,
            0.3,
            0.4,
            0.5,
            0.6,
            0.7,
            0.8,
            0.9,
            1.0,
            1.0,
            1.0,
            1.0,
            1.0,
            1.0,
            1.0,
            1.0,
            1.0,
            1.0,
            1.0,
            1.0,
            1.0,
            1.0,
            1.0,
            1.0,
            1.0,
            1.0,
            1.0,
            1.0,
            1.0,
            1.0,
            1.0,
            1.0,
            1.0,
            1.0,
            1.0,
            1.0,
            1.0,
            1.0,
            1.0,
            1.0,
            1.0,
            1.0,
            1.0,
            1.0,
            1.0,
            1.0,
            1.0,
            1.0,
            1.0,
            1.0,
            1.0,
            1.0,
            1.0,
            1.0,
            1.0,
            1.0,
            1.0,
            1.0,
            1.0,
            1.0,
            1.0,
            1.0,
            1.0,
            1.0,
            1.0,
            1.0,
            1.0,
            1.0,
            1.0,
            1.0,
            1.0,
            1.0,
            1.0,
            1.0,
            1.0,
            1.0,
            1.0,
            1.0,
            1.0,
            1.0,
            1.0,
            1.0,
            1.0,
            1.0,
            1.0,
            1.0,
            1.0,
            1.0,
            1.0,
            0.9090909090909091,
            0.8181818181818181,
            0.7272727272727273,
            0.6363636363636364,
            0.5454545454545454,
            0.4545454545454546,
            0.36363636363636365,
            0.2727272727272727,
            0.18181818181818177,
            0.09090909090909094
        ]
    },
    "train_losses": [
        354.67714146205356,
        142.8243691580636,
        161.05496651785714,
        107.58602469308036,
        115.94510759626117,
        118.46839904785156,
        111.62195369175502,
        108.76365007672992,
        103.75792912074498,
        99.63146427699498,
        94.55658503941127,
        92.92221505301339,
        92.27761404854911,
        91.72206442696708,
        91.22677394321987,
        90.76506914411273,
        87.73550306047711,
        87.57363455636161,
        87.43895939418248,
        87.29829515729632,
        87.21066720145089,
        87.08458382742745,
        86.98731667654855,
        86.9027099609375,
        86.72476087297711,
        86.33529227120536,
        86.33325631277901,
        86.2629154750279,
        86.18412780761719,
        86.15933118547711,
        86.09401375906808,
        86.05358014787946,
        86.02180807931083,
        85.86635480608258,
        85.80084991455078,
        85.75799996512276,
        85.7035631452288,
        85.69757407052177,
        85.64880698067802,
        85.62387302943638,
        85.60624149867466,
        85.57718331473214,
        85.53531537737165,
        85.51182556152344,
        85.47371346609933,
        85.48216247558594,
        85.44628361293248,
        85.43326786586216,
        85.42698669433594,
        85.4894038609096,
        85.45287540980748,
        85.43400573730469,
        85.3999502999442,
        85.4122815813337,
        85.38001578194755,
        85.37048012869698,
        85.3675537109375,
        85.4525124686105,
        85.41695622035435,
        85.39902060372489,
        85.36585671561105,
        85.37906319754464,
        85.34762464250836,
        85.33891187395368,
        85.33675384521484,
        85.42755017961774,
        85.39271763392857,
        85.37545122419085,
        85.34289877755302,
        85.35666220528739,
        85.32574353899274,
        85.31753758021763,
        85.31585584368024,
        85.41097913469586,
        85.37653241838727,
        85.35963875906808,
        85.32744380405971,
        85.34154401506696,
        85.31094578334263,
        85.30305480957031,
        85.30167388916016,
        85.39949798583984,
        85.36524200439453,
        85.34852709089007,
        85.3165261404855,
        85.330808367048,
        85.30039433070591,
        85.2926777430943,
        85.2914799281529,
        85.39092472621373,
        85.3567875453404,
        85.34019361223493,
        85.30495016915458,
        85.30997794015067,
        85.28619929722377,
        85.285888671875,
        85.28581128801618,
        85.30926731654576,
        85.31011635916573,
        85.2950668334961,
        85.28498295375279
    ],