{
    "testproblem": "quadratic_deep",
    "batch_size": 128,
    "num_epochs": 100,
    "random_seed": 48,
    "l2_reg": null,
    "optimizer_name": "LookaheadOptimizerMBGDMomentum",
    "optimizer_hyperparams": {
        "learning_rate": 0.002023778954048507,
        "momentum": 0.9808673160454735,
        "use_nesterov": false,
        "k": 8,
        "alpha": 0.2388555817868857,
        "use_locking": false
    },
    "training_params": {
        "lr_sched_epochs": [
            1,
            2,
            3,
            4,
            5,
            6,
            7,
            8,
            9,
            10,
            11,
            12,
            13,
            14,
            15,
            16,
            17,
            18,
            19,
            20,
            21,
            22,
            23,
            24,
            25,
            26,
            27,
            28,
            29,
            30,
            31,
            32,
            33,
            34,
            35,
            36,
            37,
            38,
            39,
            40,
            41,
            42,
            43,
            44,
            45,
            46,
            47,
            48,
            49,
            50,
            51,
            52,
            53,
            54,
            55,
            56,
            57,
            58,
            59,
            60,
            61,
            62,
            63,
            64,
            65,
            66,
            67,
            68,
            69,
            70,
            71,
            72,
            73,
            74,
            75,
            76,
            77,
            78,
            79,
            80,
            81,
            82,
            83,
            84,
            85,
            86,
            87,
            88,
            89,
            90,
            91,
            92,
            93,
            94,
            95,
            96,
            97,
            98,
            99,
            100
        ],
        "lr_sched_factors": [
            0.1,
            0.2,
            0.3,
            0.4,
            0.5,
            0.6,
            0.7,
            0.8,
            0.9,
            1.0,
            1.0,
            1.0,
            1.0,
            1.0,
            1.0,
            1.0,
            1.0,
            1.0,
            1.0,
            1.0,
            1.0,
            1.0,
            1.0,
            1.0,
            1.0,
            1.0,
            1.0,
            1.0,
            1.0,
            1.0,
            1.0,
            1.0,
            1.0,
            1.0,
            1.0,
            1.0,
            1.0,
            1.0,
            1.0,
            1.0,
            1.0,
            1.0,
            1.0,
            1.0,
            1.0,
            1.0,
            1.0,
            1.0,
            1.0,
            1.0,
            1.0,
            1.0,
            1.0,
            1.0,
            1.0,
            1.0,
            1.0,
            1.0,
            1.0,
            1.0,
            1.0,
            1.0,
            1.0,
            1.0,
            1.0,
            1.0,
            1.0,
            1.0,
            1.0,
            1.0,
            1.0,
            1.0,
            1.0,
            1.0,
            1.0,
            1.0,
            1.0,
            1.0,
            1.0,
            1.0,
            1.0,
            1.0,
            1.0,
            1.0,
            1.0,
            1.0,
            1.0,
            1.0,
            1.0,
            1.0,
            0.9090909090909091,
            0.8181818181818181,
            0.7272727272727273,
            0.6363636363636364,
            0.5454545454545454,
            0.4545454545454546,
            0.36363636363636365,
            0.2727272727272727,
            0.18181818181818177,
            0.09090909090909094
        ]
    },
    "train_losses": [
        353.4622497558594,
        142.1088126046317,
        160.71740068708147,
        107.2028067452567,
        115.47003064836774,
        117.79738180977958,
        111.27386801583427,
        108.45013209751674,
        103.79395403180804,
        99.19213976178851,
        94.50536564418248,
        92.650388445173,
        91.96158490862165,
        91.44159480503627,
        90.92174530029297,
        90.46226719447544,
        87.4666268484933,
        87.35098811558315,
        87.1755599975586,
        87.0669675554548,
        86.91695077078683,
        86.82797241210938,
        86.70276859828404,
        86.61893790108817,
        86.25673457554409,
        86.2066170828683,
        86.09292166573661,
        86.04423195975167,
        85.9532470703125,
        85.92141287667411,
        85.85089329310826,
        85.8180923461914,
        85.6709463936942,
        85.6480244227818,
        85.55906023297992,
        85.53248596191406,
        85.4609876360212,
        85.44633047921317,
        85.39095088413784,
        85.37167576381138,
        85.32586669921875,
        85.21994454520089,
        85.29786028180804,
        85.24872807094029,
        85.24459729875836,
        85.19518171037946,
        85.19721112932477,
        85.15579768589565,
        85.14998735700335,
        85.22960662841797,
        85.24017116001674,
        85.17953382219586,
        85.17723083496094,
        85.12679617745536,
        85.13138471330915,
        85.0937260219029,
        85.09125518798828,
        85.19315556117466,
        85.20474461146763,
        85.14493887765067,
        85.14350019182477,
        85.09392874581474,
        85.099365234375,
        85.06249564034599,
        85.06077139718192,
        85.16844068254743,
        85.18074144635882,
        85.12159184047154,
        85.12073516845703,
        85.07171412876674,
        85.07767377580915,
        85.04128810337612,
        85.040041242327,
        85.03553662981305,
        85.05334363664899,
        85.13860539027623,
        85.09610094342914,
        85.09800175258091,
        85.05415562220982,
        85.06156049455915,
        85.02520315987724,
        85.0242680140904,
        85.13922446114677,
        85.15203203473773,
        85.09354945591518,
        85.09324319022042,
        85.04474748883929,
        85.05121830531529,
        85.0153339930943,
        85.01458522251674,
        85.13107626778739,
        85.14407239641461,
        85.07682037353516,
        85.05992998395648,
        85.0164042881557,
        85.01937866210938,
        85.0064228602818,
        85.0076174054827,
        85.02657427106585,
        85.0260740007673,
        85.02174813406808
    ],