{
    "testproblem": "quadratic_deep",
    "batch_size": 128,
    "num_epochs": 100,
    "random_seed": 44,
    "l2_reg": null,
    "optimizer_name": "LookaheadOptimizerMBGDMomentum",
    "optimizer_hyperparams": {
        "learning_rate": 0.002023778954048507,
        "momentum": 0.9808673160454735,
        "use_nesterov": false,
        "k": 8,
        "alpha": 0.2388555817868857,
        "use_locking": false
    },
    "training_params": {
        "lr_sched_epochs": [
            1,
            2,
            3,
            4,
            5,
            6,
            7,
            8,
            9,
            10,
            11,
            12,
            13,
            14,
            15,
            16,
            17,
            18,
            19,
            20,
            21,
            22,
            23,
            24,
            25,
            26,
            27,
            28,
            29,
            30,
            31,
            32,
            33,
            34,
            35,
            36,
            37,
            38,
            39,
            40,
            41,
            42,
            43,
            44,
            45,
            46,
            47,
            48,
            49,
            50,
            51,
            52,
            53,
            54,
            55,
            56,
            57,
            58,
            59,
            60,
            61,
            62,
            63,
            64,
            65,
            66,
            67,
            68,
            69,
            70,
            71,
            72,
            73,
            74,
            75,
            76,
            77,
            78,
            79,
            80,
            81,
            82,
            83,
            84,
            85,
            86,
            87,
            88,
            89,
            90,
            91,
            92,
            93,
            94,
            95,
            96,
            97,
            98,
            99,
            100
        ],
        "lr_sched_factors": [
            0.1,
            0.2,
            0.3,
            0.4,
            0.5,
            0.6,
            0.7,
            0.8,
            0.9,
            1.0,
            1.0,
            1.0,
            1.0,
            1.0,
            1.0,
            1.0,
            1.0,
            1.0,
            1.0,
            1.0,
            1.0,
            1.0,
            1.0,
            1.0,
            1.0,
            1.0,
            1.0,
            1.0,
            1.0,
            1.0,
            1.0,
            1.0,
            1.0,
            1.0,
            1.0,
            1.0,
            1.0,
            1.0,
            1.0,
            1.0,
            1.0,
            1.0,
            1.0,
            1.0,
            1.0,
            1.0,
            1.0,
            1.0,
            1.0,
            1.0,
            1.0,
            1.0,
            1.0,
            1.0,
            1.0,
            1.0,
            1.0,
            1.0,
            1.0,
            1.0,
            1.0,
            1.0,
            1.0,
            1.0,
            1.0,
            1.0,
            1.0,
            1.0,
            1.0,
            1.0,
            1.0,
            1.0,
            1.0,
            1.0,
            1.0,
            1.0,
            1.0,
            1.0,
            1.0,
            1.0,
            1.0,
            1.0,
            1.0,
            1.0,
            1.0,
            1.0,
            1.0,
            1.0,
            1.0,
            1.0,
            0.9090909090909091,
            0.8181818181818181,
            0.7272727272727273,
            0.6363636363636364,
            0.5454545454545454,
            0.4545454545454546,
            0.36363636363636365,
            0.2727272727272727,
            0.18181818181818177,
            0.09090909090909094
        ]
    },
    "train_losses": [
        352.5200631277902,
        141.32775224958147,
        160.41755894252233,
        106.87416621616909,
        114.88554382324219,
        117.67799595424107,
        111.00826590401786,
        108.12245287214007,
        103.84607478550502,
        98.77566637311664,
        94.228757585798,
        92.27229963030133,
        91.57965850830078,
        91.02836281912667,
        90.53653172084263,
        90.07954515729632,
        87.02382441929409,
        86.93566349574498,
        86.78011213030133,
        86.73434557233539,
        86.53683580671039,
        86.41751098632812,
        86.3215103149414,
        86.23935263497489,
        85.81411525181362,
        85.79156167166573,
        85.69800785609654,
        85.71268572126117,
        85.57382093157086,
        85.51165880475726,
        85.47028241838727,
        85.43902914864677,
        85.22908673967633,
        85.23379843575614,
        85.1649420601981,
        85.2015359061105,
        85.08209882463727,
        85.03695133754185,
        85.01066480364118,
        84.99293518066406,
        84.8995840890067,
        84.93055725097656,
        84.88344355991909,
        84.93839481898716,
        84.83508954729352,
        84.80422646658761,
        84.79111589704242,
        84.78588758196149,
        84.77442387172154,
        84.74782126290458,
        84.79180799211774,
        84.77453940255302,
        84.83702523367745,
        84.74752807617188,
        84.72154671805245,
        84.71297781808036,
        84.71209062848773,
        84.710202898298,
        84.70707048688617,
        84.75208936418805,
        84.73583221435547,
        84.79930550711495,
        84.71078491210938,
        84.68573760986328,
        84.67804718017578,
        84.67800576346261,
        84.72432054792132,
        84.76405552455357,
        84.72465406145368,
        84.78656768798828,
        84.68987165178571,
        84.6651851109096,
        84.65794808523995,
        84.65838514055524,
        84.70869663783482,
        84.74886540004185,
        84.70973859514508,
        84.77201734270368,
        84.67562212262835,
        84.65123203822544,
        84.64427839006696,
        84.64499337332589,
        84.69778551374164,
        84.73812975202289,
        84.69917624337333,
        84.76162719726562,
        84.66539764404297,
        84.64117431640625,
        84.63438960484096,
        84.63526480538505,
        84.68958391462054,
        84.73004259381976,
        84.68555232456752,
        84.7090563092913,
        84.64971596854073,
        84.63013894217355,
        84.62838527134487,
        84.62876674107143,
        84.65505872453961,
        84.64701407296317,
        84.63169315883091
    ],